country,year,sex,measure,category,method,unit,value
Australia,2023,Male,Life expectancy,Total,,Years,81.1
Australia,2022,Male,Life expectancy,Total,,Years,81.2
Australia,2019,Female,Life expectancy,Total,,Years,85
Australia,2018,Female,Life expectancy,Total,,Years,84.9
Australia,2017,Female,Life expectancy,Total,,Years,84.6
Australia,2016,Female,Life expectancy,Total,,Years,84.6
Australia,2015,Female,Life expectancy,Total,,Years,84.5
Australia,2021,Male,Life expectancy,Total,,Years,81.3
Australia,2020,Male,Life expectancy,Total,,Years,81.2
Australia,2019,Male,Life expectancy,Total,,Years,80.9
Australia,2018,Male,Life expectancy,Total,,Years,80.7
Australia,2017,Male,Life expectancy,Total,,Years,80.5
Australia,2016,Male,Life expectancy,Total,,Years,80.4
Australia,2015,Male,Life expectancy,Total,,Years,80.4
Australia,2024,Female,Life expectancy,Total,,Years,85.1
Australia,2023,Female,Life expectancy,Total,,Years,85.1
Australia,2022,Female,Life expectancy,Total,,Years,85.3
Australia,2021,Female,Life expectancy,Total,,Years,85.4
Australia,2020,Female,Life expectancy,Total,,Years,85.3
Australia,2024,Total,Life expectancy,Total,,Years,83
Australia,2023,Total,Life expectancy,Total,,Years,83
Australia,2022,Total,Life expectancy,Total,,Years,83.2
Australia,2021,Total,Life expectancy,Total,,Years,83.3
Australia,2020,Total,Life expectancy,Total,,Years,83.2
Australia,2019,Total,Life expectancy,Total,,Years,82.9
Australia,2018,Total,Life expectancy,Total,,Years,82.8
Australia,2017,Total,Life expectancy,Total,,Years,82.5
Australia,2016,Total,Life expectancy,Total,,Years,82.4
Australia,2015,Total,Life expectancy,Total,,Years,82.4
Austria,2023,Male,Life expectancy,Total,,Years,79.4
Austria,2022,Male,Life expectancy,Total,,Years,79
Austria,2019,Female,Life expectancy,Total,,Years,84.2
Austria,2018,Female,Life expectancy,Total,,Years,84
Austria,2017,Female,Life expectancy,Total,,Years,83.9
Austria,2016,Female,Life expectancy,Total,,Years,84
Austria,2015,Female,Life expectancy,Total,,Years,83.6
Austria,2021,Male,Life expectancy,Total,,Years,78.8
Austria,2020,Male,Life expectancy,Total,,Years,78.9
Austria,2019,Male,Life expectancy,Total,,Years,79.5
Austria,2018,Male,Life expectancy,Total,,Years,79.3
Austria,2017,Male,Life expectancy,Total,,Years,79.3
Austria,2016,Male,Life expectancy,Total,,Years,79.1
Austria,2015,Male,Life expectancy,Total,,Years,78.6
Austria,2024,Female,Life expectancy,Total,,Years,84.3
Austria,2023,Female,Life expectancy,Total,,Years,84.2
Austria,2022,Female,Life expectancy,Total,,Years,83.8
Austria,2021,Female,Life expectancy,Total,,Years,83.7
Austria,2020,Female,Life expectancy,Total,,Years,83.7
Austria,2024,Total,Life expectancy,Total,,Years,82.1
Austria,2023,Total,Life expectancy,Total,,Years,81.9
Austria,2022,Total,Life expectancy,Total,,Years,81.4
Austria,2021,Total,Life expectancy,Total,,Years,81.3
Austria,2020,Total,Life expectancy,Total,,Years,81.3
Austria,2019,Total,Life expectancy,Total,,Years,81.9
Austria,2018,Total,Life expectancy,Total,,Years,81.7
Austria,2017,Total,Life expectancy,Total,,Years,81.6
Austria,2016,Total,Life expectancy,Total,,Years,81.6
Austria,2015,Total,Life expectancy,Total,,Years,81.2
Belgium,2023,Male,Life expectancy,Total,,Years,80.2
Belgium,2022,Male,Life expectancy,Total,,Years,79.6
Belgium,2019,Female,Life expectancy,Total,,Years,84
Belgium,2018,Female,Life expectancy,Total,,Years,83.7
Belgium,2017,Female,Life expectancy,Total,,Years,83.7
Belgium,2016,Female,Life expectancy,Total,,Years,83.7
Belgium,2015,Female,Life expectancy,Total,,Years,83.2
Belgium,2021,Male,Life expectancy,Total,,Years,79.3
Belgium,2020,Male,Life expectancy,Total,,Years,78.5
Belgium,2019,Male,Life expectancy,Total,,Years,79.6
Belgium,2018,Male,Life expectancy,Total,,Years,79.2
Belgium,2017,Male,Life expectancy,Total,,Years,79
Belgium,2016,Male,Life expectancy,Total,,Years,78.8
Belgium,2015,Male,Life expectancy,Total,,Years,78.6
Belgium,2024,Female,Life expectancy,Total,,Years,84.4
Belgium,2023,Female,Life expectancy,Total,,Years,84.3
Belgium,2022,Female,Life expectancy,Total,,Years,83.8
Belgium,2021,Female,Life expectancy,Total,,Years,84.1
Belgium,2020,Female,Life expectancy,Total,,Years,83.1
Belgium,2024,Total,Life expectancy,Total,,Years,82.4
Belgium,2023,Total,Life expectancy,Total,,Years,82.3
Belgium,2022,Total,Life expectancy,Total,,Years,81.7
Belgium,2021,Total,Life expectancy,Total,,Years,81.7
Belgium,2020,Total,Life expectancy,Total,,Years,80.8
Belgium,2019,Total,Life expectancy,Total,,Years,81.8
Belgium,2018,Total,Life expectancy,Total,,Years,81.5
Belgium,2017,Total,Life expectancy,Total,,Years,81.4
Belgium,2016,Total,Life expectancy,Total,,Years,81.3
Belgium,2015,Total,Life expectancy,Total,,Years,80.9
Canada,2023,Male,Life expectancy,Total,,Years,79.5
Canada,2022,Male,Life expectancy,Total,,Years,78.9
Canada,2019,Female,Life expectancy,Total,,Years,84.3
Canada,2018,Female,Life expectancy,Total,,Years,84
Canada,2017,Female,Life expectancy,Total,,Years,84
Canada,2016,Female,Life expectancy,Total,,Years,84
Canada,2015,Female,Life expectancy,Total,,Years,83.9
Canada,2021,Male,Life expectancy,Total,,Years,79.1
Canada,2020,Male,Life expectancy,Total,,Years,79.3
Canada,2019,Male,Life expectancy,Total,,Years,80.1
Canada,2018,Male,Life expectancy,Total,,Years,79.8
Canada,2017,Male,Life expectancy,Total,,Years,79.7
Canada,2016,Male,Life expectancy,Total,,Years,79.9
Canada,2015,Male,Life expectancy,Total,,Years,79.9
Canada,2024,Female,Life expectancy,Total,,Years,84.3
Canada,2023,Female,Life expectancy,Total,,Years,83.9
Canada,2022,Female,Life expectancy,Total,,Years,83.4
Canada,2021,Female,Life expectancy,Total,,Years,83.9
Canada,2020,Female,Life expectancy,Total,,Years,83.8
Canada,2024,Total,Life expectancy,Total,,Years,82.2
Canada,2023,Total,Life expectancy,Total,,Years,81.7
Canada,2022,Total,Life expectancy,Total,,Years,81.1
Canada,2021,Total,Life expectancy,Total,,Years,81.5
Canada,2020,Total,Life expectancy,Total,,Years,81.6
Canada,2019,Total,Life expectancy,Total,,Years,82.2
Canada,2018,Total,Life expectancy,Total,,Years,81.9
Canada,2017,Total,Life expectancy,Total,,Years,81.9
Canada,2016,Total,Life expectancy,Total,,Years,82
Canada,2015,Total,Life expectancy,Total,,Years,81.9
Chile,2023,Male,Life expectancy,Total,,Years,78.8
Chile,2022,Male,Life expectancy,Total,,Years,77.1
Chile,2019,Female,Life expectancy,Total,,Years,83.6
Chile,2018,Female,Life expectancy,Total,,Years,83.5
Chile,2017,Female,Life expectancy,Total,,Years,83.1
Chile,2016,Female,Life expectancy,Total,,Years,83
Chile,2015,Female,Life expectancy,Total,,Years,82.7
Chile,2021,Male,Life expectancy,Total,,Years,76.4
Chile,2020,Male,Life expectancy,Total,,Years,77.1
Chile,2019,Male,Life expectancy,Total,,Years,78.4
Chile,2018,Male,Life expectancy,Total,,Years,78.3
Chile,2017,Male,Life expectancy,Total,,Years,78
Chile,2016,Male,Life expectancy,Total,,Years,77.7
Chile,2015,Male,Life expectancy,Total,,Years,77.3
Chile,2024,Female,Life expectancy,Total,,Years,83.7
Chile,2023,Female,Life expectancy,Total,,Years,83.7
Chile,2022,Female,Life expectancy,Total,,Years,82.5
Chile,2021,Female,Life expectancy,Total,,Years,82.1
Chile,2020,Female,Life expectancy,Total,,Years,82.8
Chile,2024,Total,Life expectancy,Total,,Years,81.3
Chile,2023,Total,Life expectancy,Total,,Years,81.2
Chile,2022,Total,Life expectancy,Total,,Years,79.8
Chile,2021,Total,Life expectancy,Total,,Years,79.2
Chile,2020,Total,Life expectancy,Total,,Years,79.9
Chile,2019,Total,Life expectancy,Total,,Years,80.9
Chile,2018,Total,Life expectancy,Total,,Years,80.8
Chile,2017,Total,Life expectancy,Total,,Years,80.5
Chile,2016,Total,Life expectancy,Total,,Years,80.3
Chile,2015,Total,Life expectancy,Total,,Years,79.9
Colombia,2023,Male,Life expectancy,Total,,Years,73.8
Colombia,2022,Male,Life expectancy,Total,,Years,72
Colombia,2019,Female,Life expectancy,Total,,Years,78.3
Colombia,2018,Female,Life expectancy,Total,,Years,78.1
Colombia,2017,Female,Life expectancy,Total,,Years,79.3
Colombia,2016,Female,Life expectancy,Total,,Years,79.1
Colombia,2015,Female,Life expectancy,Total,,Years,78.9
Colombia,2021,Male,Life expectancy,Total,,Years,71.3
Colombia,2020,Male,Life expectancy,Total,,Years,71.5
Colombia,2019,Male,Life expectancy,Total,,Years,72.9
Colombia,2018,Male,Life expectancy,Total,,Years,72.7
Colombia,2017,Male,Life expectancy,Total,,Years,72.7
Colombia,2016,Male,Life expectancy,Total,,Years,72.5
Colombia,2015,Male,Life expectancy,Total,,Years,72.2
Colombia,2024,Female,Life expectancy,Total,,Years,79
Colombia,2023,Female,Life expectancy,Total,,Years,78.9
Colombia,2022,Female,Life expectancy,Total,,Years,77.9
Colombia,2021,Female,Life expectancy,Total,,Years,77.4
Colombia,2020,Female,Life expectancy,Total,,Years,77.4
Colombia,2024,Total,Life expectancy,Total,,Years,76.4
Colombia,2023,Total,Life expectancy,Total,,Years,76.3
Colombia,2022,Total,Life expectancy,Total,,Years,74.9
Colombia,2021,Total,Life expectancy,Total,,Years,74.2
Colombia,2020,Total,Life expectancy,Total,,Years,74.4
Colombia,2019,Total,Life expectancy,Total,,Years,75.5
Colombia,2018,Total,Life expectancy,Total,,Years,75.3
Colombia,2017,Total,Life expectancy,Total,,Years,75.9
Colombia,2016,Total,Life expectancy,Total,,Years,75.7
Colombia,2015,Total,Life expectancy,Total,,Years,75.4
Costa Rica,2023,Male,Life expectancy,Total,,Years,78.4
Costa Rica,2022,Male,Life expectancy,Total,,Years,78.3
Costa Rica,2019,Female,Life expectancy,Total,,Years,83
Costa Rica,2018,Female,Life expectancy,Total,,Years,82.9
Costa Rica,2017,Female,Life expectancy,Total,,Years,82.7
Costa Rica,2016,Female,Life expectancy,Total,,Years,82.6
Costa Rica,2015,Female,Life expectancy,Total,,Years,82.4
Costa Rica,2021,Male,Life expectancy,Total,,Years,78.2
Costa Rica,2020,Male,Life expectancy,Total,,Years,78.1
Costa Rica,2019,Male,Life expectancy,Total,,Years,77.9
Costa Rica,2018,Male,Life expectancy,Total,,Years,77.8
Costa Rica,2017,Male,Life expectancy,Total,,Years,77.6
Costa Rica,2016,Male,Life expectancy,Total,,Years,77.5
Costa Rica,2015,Male,Life expectancy,Total,,Years,77.4
Costa Rica,2024,Female,Life expectancy,Total,,Years,83.4
Costa Rica,2023,Female,Life expectancy,Total,,Years,83.6
Costa Rica,2022,Female,Life expectancy,Total,,Years,83.5
Costa Rica,2021,Female,Life expectancy,Total,,Years,83.3
Costa Rica,2020,Female,Life expectancy,Total,,Years,83.2
Costa Rica,2024,Total,Life expectancy,Total,,Years,80.9
Costa Rica,2023,Total,Life expectancy,Total,,Years,81
Costa Rica,2022,Total,Life expectancy,Total,,Years,80.9
Costa Rica,2021,Total,Life expectancy,Total,,Years,80.8
Costa Rica,2020,Total,Life expectancy,Total,,Years,80.6
Costa Rica,2019,Total,Life expectancy,Total,,Years,80.5
Costa Rica,2018,Total,Life expectancy,Total,,Years,80.3
Costa Rica,2017,Total,Life expectancy,Total,,Years,80.2
Costa Rica,2016,Total,Life expectancy,Total,,Years,80
Costa Rica,2015,Total,Life expectancy,Total,,Years,79.9
Czechia,2023,Male,Life expectancy,Total,,Years,76.9
Czechia,2022,Male,Life expectancy,Total,,Years,76.1
Czechia,2019,Female,Life expectancy,Total,,Years,82.1
Czechia,2018,Female,Life expectancy,Total,,Years,81.9
Czechia,2017,Female,Life expectancy,Total,,Years,81.9
Czechia,2016,Female,Life expectancy,Total,,Years,81.9
Czechia,2015,Female,Life expectancy,Total,,Years,81.5
Czechia,2021,Male,Life expectancy,Total,,Years,74.1
Czechia,2020,Male,Life expectancy,Total,,Years,75.3
Czechia,2019,Male,Life expectancy,Total,,Years,76.3
Czechia,2018,Male,Life expectancy,Total,,Years,76.1
Czechia,2017,Male,Life expectancy,Total,,Years,76
Czechia,2016,Male,Life expectancy,Total,,Years,76
Czechia,2015,Male,Life expectancy,Total,,Years,75.6
Czechia,2024,Female,Life expectancy,Total,,Years,83
Czechia,2023,Female,Life expectancy,Total,,Years,82.7
Czechia,2022,Female,Life expectancy,Total,,Years,81.9
Czechia,2021,Female,Life expectancy,Total,,Years,80.5
Czechia,2020,Female,Life expectancy,Total,,Years,81.3
Czechia,2024,Total,Life expectancy,Total,,Years,80.1
Czechia,2023,Total,Life expectancy,Total,,Years,79.8
Czechia,2022,Total,Life expectancy,Total,,Years,79
Czechia,2021,Total,Life expectancy,Total,,Years,77.2
Czechia,2020,Total,Life expectancy,Total,,Years,78.3
Czechia,2019,Total,Life expectancy,Total,,Years,79.2
Czechia,2018,Total,Life expectancy,Total,,Years,79
Czechia,2017,Total,Life expectancy,Total,,Years,79
Czechia,2016,Total,Life expectancy,Total,,Years,79
Czechia,2015,Total,Life expectancy,Total,,Years,78.6
Denmark,2023,Male,Life expectancy,Total,,Years,79.7
Denmark,2022,Male,Life expectancy,Total,,Years,79.4
Denmark,2019,Female,Life expectancy,Total,,Years,83.4
Denmark,2018,Female,Life expectancy,Total,,Years,82.9
Denmark,2017,Female,Life expectancy,Total,,Years,83.1
Denmark,2016,Female,Life expectancy,Total,,Years,82.8
Denmark,2015,Female,Life expectancy,Total,,Years,82.7
Denmark,2021,Male,Life expectancy,Total,,Years,79.6
Denmark,2020,Male,Life expectancy,Total,,Years,79.6
Denmark,2019,Male,Life expectancy,Total,,Years,79.4
Denmark,2018,Male,Life expectancy,Total,,Years,79
Denmark,2017,Male,Life expectancy,Total,,Years,79.1
Denmark,2016,Male,Life expectancy,Total,,Years,78.9
Denmark,2015,Male,Life expectancy,Total,,Years,78.8
Denmark,2024,Female,Life expectancy,Total,,Years,83.9
Denmark,2023,Female,Life expectancy,Total,,Years,83.6
Denmark,2022,Female,Life expectancy,Total,,Years,83.2
Denmark,2021,Female,Life expectancy,Total,,Years,83.3
Denmark,2020,Female,Life expectancy,Total,,Years,83.5
Denmark,2024,Total,Life expectancy,Total,,Years,82
Denmark,2023,Total,Life expectancy,Total,,Years,81.7
Denmark,2022,Total,Life expectancy,Total,,Years,81.3
Denmark,2021,Total,Life expectancy,Total,,Years,81.4
Denmark,2020,Total,Life expectancy,Total,,Years,81.5
Denmark,2019,Total,Life expectancy,Total,,Years,81.4
Denmark,2018,Total,Life expectancy,Total,,Years,81
Denmark,2017,Total,Life expectancy,Total,,Years,81.1
Denmark,2016,Total,Life expectancy,Total,,Years,80.9
Denmark,2015,Total,Life expectancy,Total,,Years,80.7
Estonia,2023,Male,Life expectancy,Total,,Years,74.5
Estonia,2022,Male,Life expectancy,Total,,Years,73.6
Estonia,2019,Female,Life expectancy,Total,,Years,82.8
Estonia,2018,Female,Life expectancy,Total,,Years,82.4
Estonia,2017,Female,Life expectancy,Total,,Years,82.3
Estonia,2016,Female,Life expectancy,Total,,Years,81.9
Estonia,2015,Female,Life expectancy,Total,,Years,81.8
Estonia,2021,Male,Life expectancy,Total,,Years,72.7
Estonia,2020,Male,Life expectancy,Total,,Years,74.4
Estonia,2019,Male,Life expectancy,Total,,Years,74.4
Estonia,2018,Male,Life expectancy,Total,,Years,73.9
Estonia,2017,Male,Life expectancy,Total,,Years,73.7
Estonia,2016,Male,Life expectancy,Total,,Years,73.2
Estonia,2015,Male,Life expectancy,Total,,Years,73.1
Estonia,2024,Female,Life expectancy,Total,,Years,83.4
Estonia,2023,Female,Life expectancy,Total,,Years,83
Estonia,2022,Female,Life expectancy,Total,,Years,82.2
Estonia,2021,Female,Life expectancy,Total,,Years,81.4
Estonia,2020,Female,Life expectancy,Total,,Years,82.8
Estonia,2024,Total,Life expectancy,Total,,Years,79.4
Estonia,2023,Total,Life expectancy,Total,,Years,78.9
Estonia,2022,Total,Life expectancy,Total,,Years,78.1
Estonia,2021,Total,Life expectancy,Total,,Years,77.2
Estonia,2020,Total,Life expectancy,Total,,Years,78.8
Estonia,2019,Total,Life expectancy,Total,,Years,78.8
Estonia,2018,Total,Life expectancy,Total,,Years,78.4
Estonia,2017,Total,Life expectancy,Total,,Years,78.2
Estonia,2016,Total,Life expectancy,Total,,Years,77.8
Estonia,2015,Total,Life expectancy,Total,,Years,77.7
Finland,2023,Male,Life expectancy,Total,,Years,79
Finland,2022,Male,Life expectancy,Total,,Years,78.6
Finland,2019,Female,Life expectancy,Total,,Years,84.6
Finland,2018,Female,Life expectancy,Total,,Years,84.3
Finland,2017,Female,Life expectancy,Total,,Years,84.2
Finland,2016,Female,Life expectancy,Total,,Years,84.1
Finland,2015,Female,Life expectancy,Total,,Years,84.1
Finland,2021,Male,Life expectancy,Total,,Years,79.1
Finland,2020,Male,Life expectancy,Total,,Years,79
Finland,2019,Male,Life expectancy,Total,,Years,79.2
Finland,2018,Male,Life expectancy,Total,,Years,78.9
Finland,2017,Male,Life expectancy,Total,,Years,78.7
Finland,2016,Male,Life expectancy,Total,,Years,78.4
Finland,2015,Male,Life expectancy,Total,,Years,78.5
Finland,2024,Female,Life expectancy,Total,,Years,84.8
Finland,2023,Female,Life expectancy,Total,,Years,84.2
Finland,2022,Female,Life expectancy,Total,,Years,83.8
Finland,2021,Female,Life expectancy,Total,,Years,84.5
Finland,2020,Female,Life expectancy,Total,,Years,84.6
Finland,2024,Total,Life expectancy,Total,,Years,82.2
Finland,2023,Total,Life expectancy,Total,,Years,81.6
Finland,2022,Total,Life expectancy,Total,,Years,81.2
Finland,2021,Total,Life expectancy,Total,,Years,81.8
Finland,2020,Total,Life expectancy,Total,,Years,81.8
Finland,2019,Total,Life expectancy,Total,,Years,81.9
Finland,2018,Total,Life expectancy,Total,,Years,81.6
Finland,2017,Total,Life expectancy,Total,,Years,81.5
Finland,2016,Total,Life expectancy,Total,,Years,81.3
Finland,2015,Total,Life expectancy,Total,,Years,81.4
France,2023,Male,Life expectancy,Total,,Years,80
France,2022,Male,Life expectancy,Total,,Years,79.3
France,2019,Female,Life expectancy,Total,,Years,85.6
France,2018,Female,Life expectancy,Total,,Years,85.5
France,2017,Female,Life expectancy,Total,,Years,85.3
France,2016,Female,Life expectancy,Total,,Years,85.3
France,2015,Female,Life expectancy,Total,,Years,85.1
France,2021,Male,Life expectancy,Total,,Years,79.2
France,2020,Male,Life expectancy,Total,,Years,79.1
France,2019,Male,Life expectancy,Total,,Years,79.7
France,2018,Male,Life expectancy,Total,,Years,79.5
France,2017,Male,Life expectancy,Total,,Years,79.4
France,2016,Male,Life expectancy,Total,,Years,79.3
France,2015,Male,Life expectancy,Total,,Years,79
France,2024,Female,Life expectancy,Total,,Years,85.8
France,2023,Female,Life expectancy,Total,,Years,85.7
France,2022,Female,Life expectancy,Total,,Years,85.1
France,2021,Female,Life expectancy,Total,,Years,85.2
France,2020,Female,Life expectancy,Total,,Years,85.1
France,2024,Total,Life expectancy,Total,,Years,83
France,2023,Total,Life expectancy,Total,,Years,82.9
France,2022,Total,Life expectancy,Total,,Years,82.2
France,2021,Total,Life expectancy,Total,,Years,82.2
France,2020,Total,Life expectancy,Total,,Years,82.2
France,2019,Total,Life expectancy,Total,,Years,82.7
France,2018,Total,Life expectancy,Total,,Years,82.6
France,2017,Total,Life expectancy,Total,,Years,82.4
France,2016,Total,Life expectancy,Total,,Years,82.4
France,2015,Total,Life expectancy,Total,,Years,82.1
Germany,2023,Male,Life expectancy,Total,,Years,78.5
Germany,2022,Male,Life expectancy,Total,,Years,78.1
Germany,2019,Female,Life expectancy,Total,,Years,83.6
Germany,2018,Female,Life expectancy,Total,,Years,83.2
Germany,2017,Female,Life expectancy,Total,,Years,83.3
Germany,2016,Female,Life expectancy,Total,,Years,83.3
Germany,2015,Female,Life expectancy,Total,,Years,83
Germany,2021,Male,Life expectancy,Total,,Years,78.2
Germany,2020,Male,Life expectancy,Total,,Years,78.6
Germany,2019,Male,Life expectancy,Total,,Years,78.8
Germany,2018,Male,Life expectancy,Total,,Years,78.5
Germany,2017,Male,Life expectancy,Total,,Years,78.6
Germany,2016,Male,Life expectancy,Total,,Years,78.4
Germany,2015,Male,Life expectancy,Total,,Years,78.1
Germany,2024,Female,Life expectancy,Total,,Years,83.5
Germany,2023,Female,Life expectancy,Total,,Years,83.2
Germany,2022,Female,Life expectancy,Total,,Years,82.9
Germany,2021,Female,Life expectancy,Total,,Years,83.2
Germany,2020,Female,Life expectancy,Total,,Years,83.4
Germany,2024,Total,Life expectancy,Total,,Years,81.2
Germany,2023,Total,Life expectancy,Total,,Years,80.9
Germany,2022,Total,Life expectancy,Total,,Years,80.5
Germany,2021,Total,Life expectancy,Total,,Years,80.7
Germany,2020,Total,Life expectancy,Total,,Years,81
Germany,2019,Total,Life expectancy,Total,,Years,81.2
Germany,2018,Total,Life expectancy,Total,,Years,80.9
Germany,2017,Total,Life expectancy,Total,,Years,81
Germany,2016,Total,Life expectancy,Total,,Years,80.9
Germany,2015,Total,Life expectancy,Total,,Years,80.6
Greece,2023,Male,Life expectancy,Total,,Years,79.1
Greece,2022,Male,Life expectancy,Total,,Years,78.2
Greece,2019,Female,Life expectancy,Total,,Years,84.1
Greece,2018,Female,Life expectancy,Total,,Years,84.2
Greece,2017,Female,Life expectancy,Total,,Years,83.7
Greece,2016,Female,Life expectancy,Total,,Years,83.7
Greece,2015,Female,Life expectancy,Total,,Years,83.5
Greece,2021,Male,Life expectancy,Total,,Years,77.3
Greece,2020,Male,Life expectancy,Total,,Years,78.4
Greece,2019,Male,Life expectancy,Total,,Years,78.7
Greece,2018,Male,Life expectancy,Total,,Years,78.7
Greece,2017,Male,Life expectancy,Total,,Years,78.3
Greece,2016,Male,Life expectancy,Total,,Years,78.3
Greece,2015,Male,Life expectancy,Total,,Years,78
Greece,2024,Female,Life expectancy,Total,,Years,84.4
Greece,2023,Female,Life expectancy,Total,,Years,84.2
Greece,2022,Female,Life expectancy,Total,,Years,83.4
Greece,2021,Female,Life expectancy,Total,,Years,82.9
Greece,2020,Female,Life expectancy,Total,,Years,83.8
Greece,2024,Total,Life expectancy,Total,,Years,81.9
Greece,2023,Total,Life expectancy,Total,,Years,81.7
Greece,2022,Total,Life expectancy,Total,,Years,80.8
Greece,2021,Total,Life expectancy,Total,,Years,80.1
Greece,2020,Total,Life expectancy,Total,,Years,81.1
Greece,2019,Total,Life expectancy,Total,,Years,81.4
Greece,2018,Total,Life expectancy,Total,,Years,81.5
Greece,2017,Total,Life expectancy,Total,,Years,81
Greece,2016,Total,Life expectancy,Total,,Years,81
Greece,2015,Total,Life expectancy,Total,,Years,80.8
Hungary,2023,Male,Life expectancy,Total,,Years,73.4
Hungary,2022,Male,Life expectancy,Total,,Years,72.6
Hungary,2019,Female,Life expectancy,Total,,Years,79.5
Hungary,2018,Female,Life expectancy,Total,,Years,79.4
Hungary,2017,Female,Life expectancy,Total,,Years,79.1
Hungary,2016,Female,Life expectancy,Total,,Years,79.4
Hungary,2015,Female,Life expectancy,Total,,Years,78.8
Hungary,2021,Male,Life expectancy,Total,,Years,70.7
Hungary,2020,Male,Life expectancy,Total,,Years,72.2
Hungary,2019,Male,Life expectancy,Total,,Years,72.9
Hungary,2018,Male,Life expectancy,Total,,Years,72.6
Hungary,2017,Male,Life expectancy,Total,,Years,72.4
Hungary,2016,Male,Life expectancy,Total,,Years,72.5
Hungary,2015,Male,Life expectancy,Total,,Years,72.2
Hungary,2024,Female,Life expectancy,Total,,Years,79.9
Hungary,2023,Female,Life expectancy,Total,,Years,79.8
Hungary,2022,Female,Life expectancy,Total,,Years,79.2
Hungary,2021,Female,Life expectancy,Total,,Years,77.6
Hungary,2020,Female,Life expectancy,Total,,Years,78.8
Hungary,2024,Total,Life expectancy,Total,,Years,76.8
Hungary,2023,Total,Life expectancy,Total,,Years,76.7
Hungary,2022,Total,Life expectancy,Total,,Years,75.9
Hungary,2021,Total,Life expectancy,Total,,Years,74.1
Hungary,2020,Total,Life expectancy,Total,,Years,75.5
Hungary,2019,Total,Life expectancy,Total,,Years,76.3
Hungary,2018,Total,Life expectancy,Total,,Years,76
Hungary,2017,Total,Life expectancy,Total,,Years,75.9
Hungary,2016,Total,Life expectancy,Total,,Years,76.1
Hungary,2015,Total,Life expectancy,Total,,Years,75.6
Iceland,2023,Male,Life expectancy,Total,,Years,80.7
Iceland,2022,Male,Life expectancy,Total,,Years,80.9
Iceland,2019,Female,Life expectancy,Total,,Years,84.6
Iceland,2018,Female,Life expectancy,Total,,Years,84.2
Iceland,2017,Female,Life expectancy,Total,,Years,84.1
Iceland,2016,Female,Life expectancy,Total,,Years,83.9
Iceland,2015,Female,Life expectancy,Total,,Years,83.6
Iceland,2021,Male,Life expectancy,Total,,Years,81.6
Iceland,2020,Male,Life expectancy,Total,,Years,81.4
Iceland,2019,Male,Life expectancy,Total,,Years,81.5
Iceland,2018,Male,Life expectancy,Total,,Years,81.1
Iceland,2017,Male,Life expectancy,Total,,Years,80.8
Iceland,2016,Male,Life expectancy,Total,,Years,80.3
Iceland,2015,Male,Life expectancy,Total,,Years,81.1
Iceland,2024,Female,Life expectancy,Total,,Years,84.5
Iceland,2023,Female,Life expectancy,Total,,Years,84.1
Iceland,2022,Female,Life expectancy,Total,,Years,83.5
Iceland,2021,Female,Life expectancy,Total,,Years,84.5
Iceland,2020,Female,Life expectancy,Total,,Years,84.4
Iceland,2024,Total,Life expectancy,Total,,Years,82.8
Iceland,2023,Total,Life expectancy,Total,,Years,82.4
Iceland,2022,Total,Life expectancy,Total,,Years,82.2
Iceland,2021,Total,Life expectancy,Total,,Years,83
Iceland,2020,Total,Life expectancy,Total,,Years,82.9
Iceland,2019,Total,Life expectancy,Total,,Years,83
Iceland,2018,Total,Life expectancy,Total,,Years,82.7
Iceland,2017,Total,Life expectancy,Total,,Years,82.4
Iceland,2016,Total,Life expectancy,Total,,Years,82.1
Iceland,2015,Total,Life expectancy,Total,,Years,82.4
Ireland,2023,Male,Life expectancy,Total,,Years,81
Ireland,2022,Male,Life expectancy,Total,,Years,80.7
Ireland,2019,Female,Life expectancy,Total,,Years,84.4
Ireland,2018,Female,Life expectancy,Total,,Years,83.9
Ireland,2017,Female,Life expectancy,Total,,Years,83.8
Ireland,2016,Female,Life expectancy,Total,,Years,83.4
Ireland,2015,Female,Life expectancy,Total,,Years,83.3
Ireland,2021,Male,Life expectancy,Total,,Years,80.3
Ireland,2020,Male,Life expectancy,Total,,Years,80.5
Ireland,2019,Male,Life expectancy,Total,,Years,80.6
Ireland,2018,Male,Life expectancy,Total,,Years,80.2
Ireland,2017,Male,Life expectancy,Total,,Years,80.2
Ireland,2016,Male,Life expectancy,Total,,Years,79.7
Ireland,2015,Male,Life expectancy,Total,,Years,79.5
Ireland,2024,Female,Life expectancy,Total,,Years,84.7
Ireland,2023,Female,Life expectancy,Total,,Years,84.5
Ireland,2022,Female,Life expectancy,Total,,Years,84
Ireland,2021,Female,Life expectancy,Total,,Years,84
Ireland,2020,Female,Life expectancy,Total,,Years,84.1
Ireland,2024,Total,Life expectancy,Total,,Years,83.1
Ireland,2023,Total,Life expectancy,Total,,Years,82.7
Ireland,2022,Total,Life expectancy,Total,,Years,82.4
Ireland,2021,Total,Life expectancy,Total,,Years,82.1
Ireland,2020,Total,Life expectancy,Total,,Years,82.3
Ireland,2019,Total,Life expectancy,Total,,Years,82.5
Ireland,2018,Total,Life expectancy,Total,,Years,82
Ireland,2017,Total,Life expectancy,Total,,Years,82
Ireland,2016,Total,Life expectancy,Total,,Years,81.6
Ireland,2015,Total,Life expectancy,Total,,Years,81.4
Israel,2015,Total,Life expectancy,Total,,Years,82.2
Israel,2024,Male,Life expectancy,Total,,Years,81.1
Israel,2019,Female,Life expectancy,Total,,Years,84.7
Israel,2018,Female,Life expectancy,Total,,Years,84.8
Israel,2017,Female,Life expectancy,Total,,Years,84.6
Israel,2016,Female,Life expectancy,Total,,Years,84.2
Israel,2015,Female,Life expectancy,Total,,Years,84.1
Israel,2022,Male,Life expectancy,Total,,Years,80.7
Israel,2021,Male,Life expectancy,Total,,Years,80.5
Israel,2020,Male,Life expectancy,Total,,Years,80.6
Israel,2019,Male,Life expectancy,Total,,Years,81
Israel,2018,Male,Life expectancy,Total,,Years,80.9
Israel,2017,Male,Life expectancy,Total,,Years,80.6
Israel,2016,Male,Life expectancy,Total,,Years,80.7
Israel,2015,Male,Life expectancy,Total,,Years,80.1
Israel,2024,Female,Life expectancy,Total,,Years,85.4
Israel,2022,Female,Life expectancy,Total,,Years,84.8
Israel,2021,Female,Life expectancy,Total,,Years,84.6
Israel,2020,Female,Life expectancy,Total,,Years,84.8
Israel,2023,Female,Life expectancy,Total,,Years,85.5
Israel,2023,Male,Life expectancy,Total,,Years,81
Israel,2023,Total,Life expectancy,Total,,Years,83.3
Israel,2024,Total,Life expectancy,Total,,Years,83.3
Israel,2022,Total,Life expectancy,Total,,Years,82.8
Israel,2021,Total,Life expectancy,Total,,Years,82.6
Israel,2020,Total,Life expectancy,Total,,Years,82.7
Israel,2019,Total,Life expectancy,Total,,Years,82.9
Israel,2018,Total,Life expectancy,Total,,Years,82.9
Israel,2017,Total,Life expectancy,Total,,Years,82.7
Italy,2023,Male,Life expectancy,Total,,Years,81.2
Italy,2022,Male,Life expectancy,Total,,Years,80.6
Italy,2019,Female,Life expectancy,Total,,Years,85.5
Italy,2018,Female,Life expectancy,Total,,Years,85.2
Italy,2017,Female,Life expectancy,Total,,Years,84.9
Italy,2016,Female,Life expectancy,Total,,Years,85.2
Italy,2015,Female,Life expectancy,Total,,Years,84.6
Italy,2021,Male,Life expectancy,Total,,Years,80.4
Italy,2020,Male,Life expectancy,Total,,Years,79.9
Italy,2019,Male,Life expectancy,Total,,Years,81.2
Italy,2018,Male,Life expectancy,Total,,Years,80.9
Italy,2017,Male,Life expectancy,Total,,Years,80.6
Italy,2016,Male,Life expectancy,Total,,Years,80.7
Italy,2015,Male,Life expectancy,Total,,Years,80.1
Italy,2024,Female,Life expectancy,Total,,Years,85.7
Italy,2023,Female,Life expectancy,Total,,Years,85.3
Italy,2022,Female,Life expectancy,Total,,Years,84.8
Italy,2021,Female,Life expectancy,Total,,Years,84.8
Italy,2020,Female,Life expectancy,Total,,Years,84.5
Italy,2024,Total,Life expectancy,Total,,Years,83.7
Italy,2023,Total,Life expectancy,Total,,Years,83.3
Italy,2022,Total,Life expectancy,Total,,Years,82.8
Italy,2021,Total,Life expectancy,Total,,Years,82.6
Italy,2020,Total,Life expectancy,Total,,Years,82.2
Italy,2019,Total,Life expectancy,Total,,Years,83.4
Italy,2018,Total,Life expectancy,Total,,Years,83.1
Italy,2017,Total,Life expectancy,Total,,Years,82.8
Italy,2016,Total,Life expectancy,Total,,Years,83
Italy,2015,Total,Life expectancy,Total,,Years,82.4
Japan,2023,Male,Life expectancy,Total,,Years,81.1
Japan,2022,Male,Life expectancy,Total,,Years,81.1
Japan,2019,Female,Life expectancy,Total,,Years,87.4
Japan,2018,Female,Life expectancy,Total,,Years,87.3
Japan,2017,Female,Life expectancy,Total,,Years,87.3
Japan,2016,Female,Life expectancy,Total,,Years,87.1
Japan,2015,Female,Life expectancy,Total,,Years,87
Japan,2021,Male,Life expectancy,Total,,Years,81.5
Japan,2020,Male,Life expectancy,Total,,Years,81.6
Japan,2019,Male,Life expectancy,Total,,Years,81.4
Japan,2018,Male,Life expectancy,Total,,Years,81.3
Japan,2017,Male,Life expectancy,Total,,Years,81.1
Japan,2016,Male,Life expectancy,Total,,Years,81
Japan,2015,Male,Life expectancy,Total,,Years,80.8
Japan,2024,Female,Life expectancy,Total,,Years,87.1
Japan,2023,Female,Life expectancy,Total,,Years,87.1
Japan,2022,Female,Life expectancy,Total,,Years,87.1
Japan,2021,Female,Life expectancy,Total,,Years,87.6
Japan,2020,Female,Life expectancy,Total,,Years,87.7
Japan,2024,Total,Life expectancy,Total,,Years,84.1
Japan,2023,Total,Life expectancy,Total,,Years,84.1
Japan,2022,Total,Life expectancy,Total,,Years,84.1
Japan,2021,Total,Life expectancy,Total,,Years,84.5
Japan,2020,Total,Life expectancy,Total,,Years,84.6
Japan,2019,Total,Life expectancy,Total,,Years,84.4
Japan,2018,Total,Life expectancy,Total,,Years,84.3
Japan,2017,Total,Life expectancy,Total,,Years,84.2
Japan,2016,Total,Life expectancy,Total,,Years,84.1
Japan,2015,Total,Life expectancy,Total,,Years,83.9
Korea,2023,Male,Life expectancy,Total,,Years,80.6
Korea,2022,Male,Life expectancy,Total,,Years,79.9
Korea,2019,Female,Life expectancy,Total,,Years,86.3
Korea,2018,Female,Life expectancy,Total,,Years,85.7
Korea,2017,Female,Life expectancy,Total,,Years,85.7
Korea,2016,Female,Life expectancy,Total,,Years,85.4
Korea,2015,Female,Life expectancy,Total,,Years,85.2
Korea,2021,Male,Life expectancy,Total,,Years,80.6
Korea,2020,Male,Life expectancy,Total,,Years,80.5
Korea,2019,Male,Life expectancy,Total,,Years,80.3
Korea,2018,Male,Life expectancy,Total,,Years,79.7
Korea,2017,Male,Life expectancy,Total,,Years,79.7
Korea,2016,Male,Life expectancy,Total,,Years,79.3
Korea,2015,Male,Life expectancy,Total,,Years,79
Korea,2024,Female,Life expectancy,Total,,Years,86.6
Korea,2023,Female,Life expectancy,Total,,Years,86.4
Korea,2022,Female,Life expectancy,Total,,Years,85.6
Korea,2021,Female,Life expectancy,Total,,Years,86.6
Korea,2020,Female,Life expectancy,Total,,Years,86.5
Korea,2024,Total,Life expectancy,Total,,Years,83.7
Korea,2023,Total,Life expectancy,Total,,Years,83.5
Korea,2022,Total,Life expectancy,Total,,Years,82.7
Korea,2021,Total,Life expectancy,Total,,Years,83.6
Korea,2020,Total,Life expectancy,Total,,Years,83.5
Korea,2019,Total,Life expectancy,Total,,Years,83.3
Korea,2018,Total,Life expectancy,Total,,Years,82.7
Korea,2017,Total,Life expectancy,Total,,Years,82.7
Korea,2016,Total,Life expectancy,Total,,Years,82.4
Korea,2015,Total,Life expectancy,Total,,Years,82.1
Latvia,2023,Male,Life expectancy,Total,,Years,70.5
Latvia,2022,Male,Life expectancy,Total,,Years,69.5
Latvia,2019,Female,Life expectancy,Total,,Years,80
Latvia,2018,Female,Life expectancy,Total,,Years,79.6
Latvia,2017,Female,Life expectancy,Total,,Years,79.5
Latvia,2016,Female,Life expectancy,Total,,Years,79.4
Latvia,2015,Female,Life expectancy,Total,,Years,79.3
Latvia,2021,Male,Life expectancy,Total,,Years,68.3
Latvia,2020,Male,Life expectancy,Total,,Years,70.6
Latvia,2019,Male,Life expectancy,Total,,Years,70.9
Latvia,2018,Male,Life expectancy,Total,,Years,70
Latvia,2017,Male,Life expectancy,Total,,Years,69.8
Latvia,2016,Male,Life expectancy,Total,,Years,69.8
Latvia,2015,Male,Life expectancy,Total,,Years,69.7
Latvia,2024,Female,Life expectancy,Total,,Years,81.2
Latvia,2023,Female,Life expectancy,Total,,Years,80.5
Latvia,2022,Female,Life expectancy,Total,,Years,79.4
Latvia,2021,Female,Life expectancy,Total,,Years,78
Latvia,2020,Female,Life expectancy,Total,,Years,79.9
Latvia,2024,Total,Life expectancy,Total,,Years,76.4
Latvia,2023,Total,Life expectancy,Total,,Years,75.6
Latvia,2022,Total,Life expectancy,Total,,Years,74.5
Latvia,2021,Total,Life expectancy,Total,,Years,73.2
Latvia,2020,Total,Life expectancy,Total,,Years,75.4
Latvia,2019,Total,Life expectancy,Total,,Years,75.7
Latvia,2018,Total,Life expectancy,Total,,Years,75
Latvia,2017,Total,Life expectancy,Total,,Years,74.8
Latvia,2016,Total,Life expectancy,Total,,Years,74.8
Latvia,2015,Total,Life expectancy,Total,,Years,74.7
Lithuania,2023,Male,Life expectancy,Total,,Years,72.9
Lithuania,2022,Male,Life expectancy,Total,,Years,71.4
Lithuania,2019,Female,Life expectancy,Total,,Years,80.9
Lithuania,2018,Female,Life expectancy,Total,,Years,80.5
Lithuania,2017,Female,Life expectancy,Total,,Years,80.3
Lithuania,2016,Female,Life expectancy,Total,,Years,79.9
Lithuania,2015,Female,Life expectancy,Total,,Years,79.5
Lithuania,2021,Male,Life expectancy,Total,,Years,69.6
Lithuania,2020,Male,Life expectancy,Total,,Years,70.2
Lithuania,2019,Male,Life expectancy,Total,,Years,71.4
Lithuania,2018,Male,Life expectancy,Total,,Years,70.9
Lithuania,2017,Male,Life expectancy,Total,,Years,70.7
Lithuania,2016,Male,Life expectancy,Total,,Years,69.5
Lithuania,2015,Male,Life expectancy,Total,,Years,69.1
Lithuania,2024,Female,Life expectancy,Total,,Years,81.6
Lithuania,2023,Female,Life expectancy,Total,,Years,81.7
Lithuania,2022,Female,Life expectancy,Total,,Years,80.1
Lithuania,2021,Female,Life expectancy,Total,,Years,78.9
Lithuania,2020,Female,Life expectancy,Total,,Years,80
Lithuania,2024,Total,Life expectancy,Total,,Years,77.5
Lithuania,2023,Total,Life expectancy,Total,,Years,77.4
Lithuania,2022,Total,Life expectancy,Total,,Years,75.8
Lithuania,2021,Total,Life expectancy,Total,,Years,74.3
Lithuania,2020,Total,Life expectancy,Total,,Years,75.2
Lithuania,2019,Total,Life expectancy,Total,,Years,76.4
Lithuania,2018,Total,Life expectancy,Total,,Years,75.9
Lithuania,2017,Total,Life expectancy,Total,,Years,75.7
Lithuania,2016,Total,Life expectancy,Total,,Years,74.8
Lithuania,2015,Total,Life expectancy,Total,,Years,74.4
Luxembourg,2023,Male,Life expectancy,Total,,Years,81.4
Luxembourg,2022,Male,Life expectancy,Total,,Years,80.6
Luxembourg,2019,Female,Life expectancy,Total,,Years,84.8
Luxembourg,2018,Female,Life expectancy,Total,,Years,84.3
Luxembourg,2017,Female,Life expectancy,Total,,Years,84
Luxembourg,2016,Female,Life expectancy,Total,,Years,84.8
Luxembourg,2015,Female,Life expectancy,Total,,Years,84.3
Luxembourg,2021,Male,Life expectancy,Total,,Years,80.4
Luxembourg,2020,Male,Life expectancy,Total,,Years,79.8
Luxembourg,2019,Male,Life expectancy,Total,,Years,80
Luxembourg,2018,Male,Life expectancy,Total,,Years,79.8
Luxembourg,2017,Male,Life expectancy,Total,,Years,79.6
Luxembourg,2016,Male,Life expectancy,Total,,Years,79.8
Luxembourg,2015,Male,Life expectancy,Total,,Years,79.7
Luxembourg,2024,Female,Life expectancy,Total,,Years,85.5
Luxembourg,2023,Female,Life expectancy,Total,,Years,84.8
Luxembourg,2022,Female,Life expectancy,Total,,Years,85
Luxembourg,2021,Female,Life expectancy,Total,,Years,84.6
Luxembourg,2020,Female,Life expectancy,Total,,Years,84.4
Luxembourg,2024,Total,Life expectancy,Total,,Years,83.2
Luxembourg,2023,Total,Life expectancy,Total,,Years,83.1
Luxembourg,2022,Total,Life expectancy,Total,,Years,82.8
Luxembourg,2021,Total,Life expectancy,Total,,Years,82.5
Luxembourg,2020,Total,Life expectancy,Total,,Years,82.1
Luxembourg,2019,Total,Life expectancy,Total,,Years,82.4
Luxembourg,2018,Total,Life expectancy,Total,,Years,82.1
Luxembourg,2017,Total,Life expectancy,Total,,Years,81.8
Luxembourg,2016,Total,Life expectancy,Total,,Years,82.3
Luxembourg,2015,Total,Life expectancy,Total,,Years,82
Mexico,2023,Male,Life expectancy,Total,,Years,72.3
Mexico,2022,Male,Life expectancy,Total,,Years,72.1
Mexico,2019,Female,Life expectancy,Total,,Years,78
Mexico,2018,Female,Life expectancy,Total,,Years,78
Mexico,2017,Female,Life expectancy,Total,,Years,77.9
Mexico,2016,Female,Life expectancy,Total,,Years,77.7
Mexico,2015,Female,Life expectancy,Total,,Years,77.8
Mexico,2021,Male,Life expectancy,Total,,Years,64.9
Mexico,2020,Male,Life expectancy,Total,,Years,64.9
Mexico,2019,Male,Life expectancy,Total,,Years,71.8
Mexico,2018,Male,Life expectancy,Total,,Years,71.8
Mexico,2017,Male,Life expectancy,Total,,Years,72
Mexico,2016,Male,Life expectancy,Total,,Years,72
Mexico,2015,Male,Life expectancy,Total,,Years,72.4
Mexico,2024,Female,Life expectancy,Total,,Years,78.9
Mexico,2023,Female,Life expectancy,Total,,Years,78.6
Mexico,2022,Female,Life expectancy,Total,,Years,78.5
Mexico,2021,Female,Life expectancy,Total,,Years,73.1
Mexico,2020,Female,Life expectancy,Total,,Years,73.5
Mexico,2024,Total,Life expectancy,Total,,Years,75.5
Mexico,2023,Total,Life expectancy,Total,,Years,75.3
Mexico,2022,Total,Life expectancy,Total,,Years,75.2
Mexico,2021,Total,Life expectancy,Total,,Years,68.8
Mexico,2020,Total,Life expectancy,Total,,Years,68.9
Mexico,2019,Total,Life expectancy,Total,,Years,74.8
Mexico,2018,Total,Life expectancy,Total,,Years,74.9
Mexico,2017,Total,Life expectancy,Total,,Years,74.8
Mexico,2016,Total,Life expectancy,Total,,Years,74.8
Mexico,2015,Total,Life expectancy,Total,,Years,75.1
Netherlands,2023,Male,Life expectancy,Total,,Years,80.3
Netherlands,2022,Male,Life expectancy,Total,,Years,80.1
Netherlands,2019,Female,Life expectancy,Total,,Years,83.6
Netherlands,2018,Female,Life expectancy,Total,,Years,83.3
Netherlands,2017,Female,Life expectancy,Total,,Years,83.3
Netherlands,2016,Female,Life expectancy,Total,,Years,83.1
Netherlands,2015,Female,Life expectancy,Total,,Years,83.1
Netherlands,2021,Male,Life expectancy,Total,,Years,79.7
Netherlands,2020,Male,Life expectancy,Total,,Years,79.7
Netherlands,2019,Male,Life expectancy,Total,,Years,80.5
Netherlands,2018,Male,Life expectancy,Total,,Years,80.2
Netherlands,2017,Male,Life expectancy,Total,,Years,80.1
Netherlands,2016,Male,Life expectancy,Total,,Years,79.9
Netherlands,2015,Male,Life expectancy,Total,,Years,79.7
Netherlands,2024,Female,Life expectancy,Total,,Years,83.3
Netherlands,2023,Female,Life expectancy,Total,,Years,83.3
Netherlands,2022,Female,Life expectancy,Total,,Years,83.1
Netherlands,2021,Female,Life expectancy,Total,,Years,83
Netherlands,2020,Female,Life expectancy,Total,,Years,83.1
Netherlands,2024,Total,Life expectancy,Total,,Years,81.9
Netherlands,2023,Total,Life expectancy,Total,,Years,81.8
Netherlands,2022,Total,Life expectancy,Total,,Years,81.6
Netherlands,2021,Total,Life expectancy,Total,,Years,81.3
Netherlands,2020,Total,Life expectancy,Total,,Years,81.4
Netherlands,2019,Total,Life expectancy,Total,,Years,82.1
Netherlands,2018,Total,Life expectancy,Total,,Years,81.8
Netherlands,2017,Total,Life expectancy,Total,,Years,81.7
Netherlands,2016,Total,Life expectancy,Total,,Years,81.5
Netherlands,2015,Total,Life expectancy,Total,,Years,81.5
New Zealand,2023,Male,Life expectancy,Total,,Years,80.1
New Zealand,2022,Male,Life expectancy,Total,,Years,80.1
New Zealand,2019,Female,Life expectancy,Total,,Years,83.5
New Zealand,2018,Female,Life expectancy,Total,,Years,83.5
New Zealand,2017,Female,Life expectancy,Total,,Years,83.4
New Zealand,2016,Female,Life expectancy,Total,,Years,83.4
New Zealand,2015,Female,Life expectancy,Total,,Years,83.3
New Zealand,2021,Male,Life expectancy,Total,,Years,80.1
New Zealand,2020,Male,Life expectancy,Total,,Years,80
New Zealand,2019,Male,Life expectancy,Total,,Years,80
New Zealand,2018,Male,Life expectancy,Total,,Years,80
New Zealand,2017,Male,Life expectancy,Total,,Years,79.9
New Zealand,2016,Male,Life expectancy,Total,,Years,79.8
New Zealand,2015,Male,Life expectancy,Total,,Years,79.7
New Zealand,2024,Female,Life expectancy,Total,,Years,83.7
New Zealand,2023,Female,Life expectancy,Total,,Years,83.5
New Zealand,2022,Female,Life expectancy,Total,,Years,83.5
New Zealand,2021,Female,Life expectancy,Total,,Years,83.5
New Zealand,2020,Female,Life expectancy,Total,,Years,83.5
New Zealand,2024,Total,Life expectancy,Total,,Years,82.1
New Zealand,2023,Total,Life expectancy,Total,,Years,81.8
New Zealand,2022,Total,Life expectancy,Total,,Years,81.8
New Zealand,2021,Total,Life expectancy,Total,,Years,81.8
New Zealand,2020,Total,Life expectancy,Total,,Years,81.7
New Zealand,2019,Total,Life expectancy,Total,,Years,81.7
New Zealand,2018,Total,Life expectancy,Total,,Years,81.7
New Zealand,2017,Total,Life expectancy,Total,,Years,81.7
New Zealand,2016,Total,Life expectancy,Total,,Years,81.6
New Zealand,2015,Total,Life expectancy,Total,,Years,81.5
Norway,2023,Male,Life expectancy,Total,,Years,81.4
Norway,2022,Male,Life expectancy,Total,,Years,80.9
Norway,2019,Female,Life expectancy,Total,,Years,84.7
Norway,2018,Female,Life expectancy,Total,,Years,84.5
Norway,2017,Female,Life expectancy,Total,,Years,84.3
Norway,2016,Female,Life expectancy,Total,,Years,84.2
Norway,2015,Female,Life expectancy,Total,,Years,84.2
Norway,2021,Male,Life expectancy,Total,,Years,81.6
Norway,2020,Male,Life expectancy,Total,,Years,81.5
Norway,2019,Male,Life expectancy,Total,,Years,81.2
Norway,2018,Male,Life expectancy,Total,,Years,81
Norway,2017,Male,Life expectancy,Total,,Years,80.9
Norway,2016,Male,Life expectancy,Total,,Years,80.6
Norway,2015,Male,Life expectancy,Total,,Years,80.4
Norway,2024,Female,Life expectancy,Total,,Years,84.8
Norway,2023,Female,Life expectancy,Total,,Years,84.6
Norway,2022,Female,Life expectancy,Total,,Years,84.3
Norway,2021,Female,Life expectancy,Total,,Years,84.7
Norway,2020,Female,Life expectancy,Total,,Years,84.9
Norway,2024,Total,Life expectancy,Total,,Years,83.2
Norway,2023,Total,Life expectancy,Total,,Years,83
Norway,2022,Total,Life expectancy,Total,,Years,82.6
Norway,2021,Total,Life expectancy,Total,,Years,83.2
Norway,2020,Total,Life expectancy,Total,,Years,83.2
Norway,2019,Total,Life expectancy,Total,,Years,83
Norway,2018,Total,Life expectancy,Total,,Years,82.8
Norway,2017,Total,Life expectancy,Total,,Years,82.6
Norway,2016,Total,Life expectancy,Total,,Years,82.4
Norway,2015,Total,Life expectancy,Total,,Years,82.3
Poland,2023,Male,Life expectancy,Total,,Years,74.5
Poland,2022,Male,Life expectancy,Total,,Years,73.2
Poland,2019,Female,Life expectancy,Total,,Years,81.7
Poland,2018,Female,Life expectancy,Total,,Years,81.5
Poland,2017,Female,Life expectancy,Total,,Years,81.5
Poland,2016,Female,Life expectancy,Total,,Years,81.7
Poland,2015,Female,Life expectancy,Total,,Years,81.3
Poland,2021,Male,Life expectancy,Total,,Years,71.5
Poland,2020,Male,Life expectancy,Total,,Years,72.4
Poland,2019,Male,Life expectancy,Total,,Years,74
Poland,2018,Male,Life expectancy,Total,,Years,73.7
Poland,2017,Male,Life expectancy,Total,,Years,73.8
Poland,2016,Male,Life expectancy,Total,,Years,73.8
Poland,2015,Male,Life expectancy,Total,,Years,73.4
Poland,2024,Female,Life expectancy,Total,,Years,82.2
Poland,2023,Female,Life expectancy,Total,,Years,81.9
Poland,2022,Female,Life expectancy,Total,,Years,81
Poland,2021,Female,Life expectancy,Total,,Years,79.5
Poland,2020,Female,Life expectancy,Total,,Years,80.6
Poland,2024,Total,Life expectancy,Total,,Years,78.5
Poland,2023,Total,Life expectancy,Total,,Years,78.2
Poland,2022,Total,Life expectancy,Total,,Years,77.1
Poland,2021,Total,Life expectancy,Total,,Years,75.4
Poland,2020,Total,Life expectancy,Total,,Years,76.4
Poland,2019,Total,Life expectancy,Total,,Years,77.9
Poland,2018,Total,Life expectancy,Total,,Years,77.6
Poland,2017,Total,Life expectancy,Total,,Years,77.7
Poland,2016,Total,Life expectancy,Total,,Years,77.8
Poland,2015,Total,Life expectancy,Total,,Years,77.4
Portugal,2023,Male,Life expectancy,Total,,Years,79.4
Portugal,2022,Male,Life expectancy,Total,,Years,78.8
Portugal,2019,Female,Life expectancy,Total,,Years,84.8
Portugal,2018,Female,Life expectancy,Total,,Years,84.5
Portugal,2017,Female,Life expectancy,Total,,Years,84.5
Portugal,2016,Female,Life expectancy,Total,,Years,84.3
Portugal,2015,Female,Life expectancy,Total,,Years,84.3
Portugal,2021,Male,Life expectancy,Total,,Years,78.4
Portugal,2020,Male,Life expectancy,Total,,Years,78.4
Portugal,2019,Male,Life expectancy,Total,,Years,79
Portugal,2018,Male,Life expectancy,Total,,Years,78.5
Portugal,2017,Male,Life expectancy,Total,,Years,78.5
Portugal,2016,Male,Life expectancy,Total,,Years,78.2
Portugal,2015,Male,Life expectancy,Total,,Years,78.2
Portugal,2024,Female,Life expectancy,Total,,Years,85.2
Portugal,2023,Female,Life expectancy,Total,,Years,85
Portugal,2022,Female,Life expectancy,Total,,Years,84.4
Portugal,2021,Female,Life expectancy,Total,,Years,84.3
Portugal,2020,Female,Life expectancy,Total,,Years,84.2
Portugal,2024,Total,Life expectancy,Total,,Years,82.5
Portugal,2023,Total,Life expectancy,Total,,Years,82.3
Portugal,2022,Total,Life expectancy,Total,,Years,81.7
Portugal,2021,Total,Life expectancy,Total,,Years,81.4
Portugal,2020,Total,Life expectancy,Total,,Years,81.4
Portugal,2019,Total,Life expectancy,Total,,Years,82
Portugal,2018,Total,Life expectancy,Total,,Years,81.6
Portugal,2017,Total,Life expectancy,Total,,Years,81.6
Portugal,2016,Total,Life expectancy,Total,,Years,81.4
Portugal,2015,Total,Life expectancy,Total,,Years,81.3
Slovak Republic,2023,Male,Life expectancy,Total,,Years,74.9
Slovak Republic,2022,Male,Life expectancy,Total,,Years,73.6
Slovak Republic,2019,Female,Life expectancy,Total,,Years,81.1
Slovak Republic,2018,Female,Life expectancy,Total,,Years,80.7
Slovak Republic,2017,Female,Life expectancy,Total,,Years,80.6
Slovak Republic,2016,Female,Life expectancy,Total,,Years,80.6
Slovak Republic,2015,Female,Life expectancy,Total,,Years,80.1
Slovak Republic,2021,Male,Life expectancy,Total,,Years,71.2
Slovak Republic,2020,Male,Life expectancy,Total,,Years,73.6
Slovak Republic,2019,Male,Life expectancy,Total,,Years,74.3
Slovak Republic,2018,Male,Life expectancy,Total,,Years,73.9
Slovak Republic,2017,Male,Life expectancy,Total,,Years,73.8
Slovak Republic,2016,Male,Life expectancy,Total,,Years,73.8
Slovak Republic,2015,Male,Life expectancy,Total,,Years,73.1
Slovak Republic,2024,Female,Life expectancy,Total,,Years,81.7
Slovak Republic,2023,Female,Life expectancy,Total,,Years,81.4
Slovak Republic,2022,Female,Life expectancy,Total,,Years,80.4
Slovak Republic,2021,Female,Life expectancy,Total,,Years,78.2
Slovak Republic,2020,Female,Life expectancy,Total,,Years,80.4
Slovak Republic,2024,Total,Life expectancy,Total,,Years,78.4
Slovak Republic,2023,Total,Life expectancy,Total,,Years,78.1
Slovak Republic,2022,Total,Life expectancy,Total,,Years,77
Slovak Republic,2021,Total,Life expectancy,Total,,Years,74.6
Slovak Republic,2020,Total,Life expectancy,Total,,Years,77
Slovak Republic,2019,Total,Life expectancy,Total,,Years,77.7
Slovak Republic,2018,Total,Life expectancy,Total,,Years,77.3
Slovak Republic,2017,Total,Life expectancy,Total,,Years,77.3
Slovak Republic,2016,Total,Life expectancy,Total,,Years,77.3
Slovak Republic,2015,Total,Life expectancy,Total,,Years,76.7
Slovenia,2021,Female,Life expectancy,Total,,Years,83.7
Slovenia,2020,Female,Life expectancy,Total,,Years,83.4
Slovenia,2016,Total,Life expectancy,Total,,Years,81
Slovenia,2016,Male,Life expectancy,Total,,Years,78
Slovenia,2015,Male,Life expectancy,Total,,Years,77.6
Slovenia,2015,Total,Life expectancy,Total,,Years,80.6
Slovenia,2015,Female,Life expectancy,Total,,Years,83.5
Slovenia,2020,Total,Life expectancy,Total,,Years,80.5
Slovenia,2020,Male,Life expectancy,Total,,Years,77.8
Slovenia,2019,Male,Life expectancy,Total,,Years,78.5
Slovenia,2019,Total,Life expectancy,Total,,Years,81.4
Slovenia,2019,Female,Life expectancy,Total,,Years,84.3
Slovenia,2018,Female,Life expectancy,Total,,Years,84
Slovenia,2018,Total,Life expectancy,Total,,Years,81.2
Slovenia,2018,Male,Life expectancy,Total,,Years,78.3
Slovenia,2017,Male,Life expectancy,Total,,Years,78.1
Slovenia,2017,Total,Life expectancy,Total,,Years,80.9
Slovenia,2017,Female,Life expectancy,Total,,Years,83.7
Slovenia,2016,Female,Life expectancy,Total,,Years,83.9
Slovenia,2024,Female,Life expectancy,Total,,Years,84.7
Slovenia,2024,Total,Life expectancy,Total,,Years,82.1
Slovenia,2024,Male,Life expectancy,Total,,Years,79.5
Slovenia,2023,Male,Life expectancy,Total,,Years,78.9
Slovenia,2023,Total,Life expectancy,Total,,Years,81.8
Slovenia,2023,Female,Life expectancy,Total,,Years,84.7
Slovenia,2022,Female,Life expectancy,Total,,Years,84
Slovenia,2022,Total,Life expectancy,Total,,Years,81.2
Slovenia,2022,Male,Life expectancy,Total,,Years,78.4
Slovenia,2021,Male,Life expectancy,Total,,Years,77.6
Spain,2021,Male,Life expectancy,Total,,Years,80.2
Spain,2020,Male,Life expectancy,Total,,Years,79.5
Spain,2016,Total,Life expectancy,Total,,Years,83.1
Spain,2016,Female,Life expectancy,Total,,Years,85.8
Spain,2015,Female,Life expectancy,Total,,Years,85.4
Spain,2015,Total,Life expectancy,Total,,Years,82.7
Spain,2015,Male,Life expectancy,Total,,Years,79.9
Spain,2020,Total,Life expectancy,Total,,Years,82.3
Spain,2020,Female,Life expectancy,Total,,Years,85
Spain,2019,Female,Life expectancy,Total,,Years,86.2
Spain,2019,Total,Life expectancy,Total,,Years,83.5
Spain,2019,Male,Life expectancy,Total,,Years,80.8
Spain,2018,Male,Life expectancy,Total,,Years,80.4
Spain,2018,Total,Life expectancy,Total,,Years,83.1
Spain,2018,Female,Life expectancy,Total,,Years,85.8
Spain,2017,Female,Life expectancy,Total,,Years,85.7
Spain,2017,Total,Life expectancy,Total,,Years,83
Spain,2017,Male,Life expectancy,Total,,Years,80.3
Spain,2016,Male,Life expectancy,Total,,Years,80.2
Spain,2024,Male,Life expectancy,Total,,Years,81.4
Spain,2024,Total,Life expectancy,Total,,Years,84
Spain,2024,Female,Life expectancy,Total,,Years,86.5
Spain,2023,Female,Life expectancy,Total,,Years,86.3
Spain,2023,Total,Life expectancy,Total,,Years,83.8
Spain,2023,Male,Life expectancy,Total,,Years,81.1
Spain,2022,Male,Life expectancy,Total,,Years,80.3
Spain,2022,Total,Life expectancy,Total,,Years,83.1
Spain,2022,Female,Life expectancy,Total,,Years,85.7
Spain,2021,Female,Life expectancy,Total,,Years,85.8
Sweden,2023,Total,Life expectancy,Total,,Years,83.2
Sweden,2022,Total,Life expectancy,Total,,Years,83
Sweden,2019,Male,Life expectancy,Total,,Years,81.3
Sweden,2018,Male,Life expectancy,Total,,Years,80.8
Sweden,2017,Male,Life expectancy,Total,,Years,80.7
Sweden,2016,Male,Life expectancy,Total,,Years,80.6
Sweden,2015,Male,Life expectancy,Total,,Years,80.3
Sweden,2021,Total,Life expectancy,Total,,Years,83
Sweden,2020,Total,Life expectancy,Total,,Years,82.4
Sweden,2019,Total,Life expectancy,Total,,Years,83.1
Sweden,2018,Total,Life expectancy,Total,,Years,82.5
Sweden,2017,Total,Life expectancy,Total,,Years,82.4
Sweden,2016,Total,Life expectancy,Total,,Years,82.3
Sweden,2015,Total,Life expectancy,Total,,Years,82.2
Sweden,2024,Male,Life expectancy,Total,,Years,82.3
Sweden,2023,Male,Life expectancy,Total,,Years,81.6
Sweden,2022,Male,Life expectancy,Total,,Years,81.3
Sweden,2021,Male,Life expectancy,Total,,Years,81.2
Sweden,2020,Male,Life expectancy,Total,,Years,80.6
Sweden,2024,Female,Life expectancy,Total,,Years,85.3
Sweden,2023,Female,Life expectancy,Total,,Years,84.9
Sweden,2022,Female,Life expectancy,Total,,Years,84.7
Sweden,2021,Female,Life expectancy,Total,,Years,84.8
Sweden,2020,Female,Life expectancy,Total,,Years,84.3
Sweden,2019,Female,Life expectancy,Total,,Years,84.7
Sweden,2018,Female,Life expectancy,Total,,Years,84.3
Sweden,2017,Female,Life expectancy,Total,,Years,84.1
Sweden,2016,Female,Life expectancy,Total,,Years,84.1
Sweden,2015,Female,Life expectancy,Total,,Years,84
Switzerland,2021,Total,Life expectancy,Total,,Years,83.6
Switzerland,2020,Total,Life expectancy,Total,,Years,83.1
Switzerland,2016,Female,Life expectancy,Total,,Years,85.2
Switzerland,2015,Female,Life expectancy,Total,,Years,84.9
Switzerland,2024,Total,Life expectancy,Total,,Years,84.2
Switzerland,2024,Male,Life expectancy,Total,,Years,82.4
Switzerland,2024,Female,Life expectancy,Total,,Years,85.9
Switzerland,2019,Total,Life expectancy,Total,,Years,83.8
Switzerland,2018,Total,Life expectancy,Total,,Years,83.6
Switzerland,2017,Total,Life expectancy,Total,,Years,83.4
Switzerland,2016,Total,Life expectancy,Total,,Years,83.4
Switzerland,2015,Total,Life expectancy,Total,,Years,82.9
Switzerland,2023,Female,Life expectancy,Total,,Years,85.8
Switzerland,2022,Female,Life expectancy,Total,,Years,85.4
Switzerland,2021,Female,Life expectancy,Total,,Years,85.6
Switzerland,2020,Female,Life expectancy,Total,,Years,85.1
Switzerland,2019,Female,Life expectancy,Total,,Years,85.6
Switzerland,2018,Female,Life expectancy,Total,,Years,85.4
Switzerland,2017,Female,Life expectancy,Total,,Years,85.4
Switzerland,2023,Male,Life expectancy,Total,,Years,82.2
Switzerland,2022,Male,Life expectancy,Total,,Years,81.6
Switzerland,2021,Male,Life expectancy,Total,,Years,81.6
Switzerland,2020,Male,Life expectancy,Total,,Years,81
Switzerland,2019,Male,Life expectancy,Total,,Years,81.9
Switzerland,2018,Male,Life expectancy,Total,,Years,81.6
Switzerland,2017,Male,Life expectancy,Total,,Years,81.4
Switzerland,2016,Male,Life expectancy,Total,,Years,81.5
Switzerland,2015,Male,Life expectancy,Total,,Years,80.7
Switzerland,2023,Total,Life expectancy,Total,,Years,84.1
Türkiye,2015,Total,Life expectancy,Total,,Years,78
Türkiye,2023,Male,Life expectancy,Total,,Years,75.5
Türkiye,2019,Female,Life expectancy,Total,,Years,81.1
Türkiye,2018,Female,Life expectancy,Total,,Years,81.3
Türkiye,2017,Female,Life expectancy,Total,,Years,81
Türkiye,2016,Female,Life expectancy,Total,,Years,80.8
Türkiye,2015,Female,Life expectancy,Total,,Years,80.7
Türkiye,2022,Male,Life expectancy,Total,,Years,74.7
Türkiye,2021,Male,Life expectancy,Total,,Years,74.8
Türkiye,2020,Male,Life expectancy,Total,,Years,75
Türkiye,2019,Male,Life expectancy,Total,,Years,75.6
Türkiye,2018,Male,Life expectancy,Total,,Years,75.9
Türkiye,2017,Male,Life expectancy,Total,,Years,75.6
Türkiye,2016,Male,Life expectancy,Total,,Years,75.3
Türkiye,2015,Male,Life expectancy,Total,,Years,75.3
Türkiye,2023,Female,Life expectancy,Total,,Years,80.7
Türkiye,2022,Female,Life expectancy,Total,,Years,80
Türkiye,2021,Female,Life expectancy,Total,,Years,80.3
Türkiye,2020,Female,Life expectancy,Total,,Years,80.5
Türkiye,2023,Total,Life expectancy,Total,,Years,78.1
Türkiye,2022,Total,Life expectancy,Total,,Years,77.3
Türkiye,2021,Total,Life expectancy,Total,,Years,77.5
Türkiye,2020,Total,Life expectancy,Total,,Years,77.7
Türkiye,2019,Total,Life expectancy,Total,,Years,78.3
Türkiye,2018,Total,Life expectancy,Total,,Years,78.6
Türkiye,2017,Total,Life expectancy,Total,,Years,78.3
United Kingdom,2023,Male,Life expectancy,Total,,Years,79
United Kingdom,2022,Male,Life expectancy,Total,,Years,79
United Kingdom,2019,Female,Life expectancy,Total,,Years,83.2
United Kingdom,2018,Female,Life expectancy,Total,,Years,82.9
United Kingdom,2017,Female,Life expectancy,Total,,Years,82.9
United Kingdom,2016,Female,Life expectancy,Total,,Years,82.8
United Kingdom,2015,Female,Life expectancy,Total,,Years,82.7
United Kingdom,2021,Male,Life expectancy,Total,,Years,78.5
United Kingdom,2020,Male,Life expectancy,Total,,Years,78.3
United Kingdom,2019,Male,Life expectancy,Total,,Years,79.5
United Kingdom,2018,Male,Life expectancy,Total,,Years,79.2
United Kingdom,2017,Male,Life expectancy,Total,,Years,79.2
United Kingdom,2016,Male,Life expectancy,Total,,Years,79.2
United Kingdom,2015,Male,Life expectancy,Total,,Years,79
United Kingdom,2024,Female,Life expectancy,Total,,Years,83.3
United Kingdom,2023,Female,Life expectancy,Total,,Years,82.9
United Kingdom,2022,Female,Life expectancy,Total,,Years,82.9
United Kingdom,2021,Female,Life expectancy,Total,,Years,82.5
United Kingdom,2020,Female,Life expectancy,Total,,Years,82.3
United Kingdom,2024,Total,Life expectancy,Total,,Years,81.3
United Kingdom,2023,Total,Life expectancy,Total,,Years,81
United Kingdom,2022,Total,Life expectancy,Total,,Years,80.9
United Kingdom,2021,Total,Life expectancy,Total,,Years,80.5
United Kingdom,2020,Total,Life expectancy,Total,,Years,80.3
United Kingdom,2019,Total,Life expectancy,Total,,Years,81.3
United Kingdom,2018,Total,Life expectancy,Total,,Years,81
United Kingdom,2017,Total,Life expectancy,Total,,Years,81.1
United Kingdom,2016,Total,Life expectancy,Total,,Years,81
United Kingdom,2015,Total,Life expectancy,Total,,Years,80.8
United States,2023,Male,Life expectancy,Total,,Years,75.8
United States,2022,Male,Life expectancy,Total,,Years,74.8
United States,2019,Female,Life expectancy,Total,,Years,81.4
United States,2018,Female,Life expectancy,Total,,Years,81.2
United States,2017,Female,Life expectancy,Total,,Years,81.1
United States,2016,Female,Life expectancy,Total,,Years,81.1
United States,2015,Female,Life expectancy,Total,,Years,81.1
United States,2021,Male,Life expectancy,Total,,Years,73.5
United States,2020,Male,Life expectancy,Total,,Years,74.2
United States,2019,Male,Life expectancy,Total,,Years,76.3
United States,2018,Male,Life expectancy,Total,,Years,76.2
United States,2017,Male,Life expectancy,Total,,Years,76.1
United States,2016,Male,Life expectancy,Total,,Years,76.2
United States,2015,Male,Life expectancy,Total,,Years,76.3
United States,2024,Female,Life expectancy,Total,,Years,81.4
United States,2023,Female,Life expectancy,Total,,Years,81.1
United States,2022,Female,Life expectancy,Total,,Years,80.2
United States,2021,Female,Life expectancy,Total,,Years,79.3
United States,2020,Female,Life expectancy,Total,,Years,79.9
United States,2024,Total,Life expectancy,Total,,Years,79
United States,2023,Total,Life expectancy,Total,,Years,78.4
United States,2022,Total,Life expectancy,Total,,Years,77.5
United States,2021,Total,Life expectancy,Total,,Years,76.4
United States,2020,Total,Life expectancy,Total,,Years,77
United States,2019,Total,Life expectancy,Total,,Years,78.8
United States,2018,Total,Life expectancy,Total,,Years,78.7
United States,2017,Total,Life expectancy,Total,,Years,78.6
United States,2016,Total,Life expectancy,Total,,Years,78.7
United States,2015,Total,Life expectancy,Total,,Years,78.7
Argentina,2023,Male,Life expectancy,Total,,Years,74.8
Argentina,2022,Male,Life expectancy,Total,,Years,73.2
Argentina,2019,Female,Life expectancy,Total,,Years,79.4
Argentina,2018,Female,Life expectancy,Total,,Years,79.5
Argentina,2017,Female,Life expectancy,Total,,Years,79.2
Argentina,2016,Female,Life expectancy,Total,,Years,79.1
Argentina,2015,Female,Life expectancy,Total,,Years,79.8
Argentina,2021,Male,Life expectancy,Total,,Years,71.1
Argentina,2020,Male,Life expectancy,Total,,Years,73
Argentina,2019,Male,Life expectancy,Total,,Years,74.2
Argentina,2018,Male,Life expectancy,Total,,Years,74
Argentina,2017,Male,Life expectancy,Total,,Years,73.8
Argentina,2016,Male,Life expectancy,Total,,Years,73
Argentina,2015,Male,Life expectancy,Total,,Years,73.4
Argentina,2024,Female,Life expectancy,Total,,Years,80
Argentina,2023,Female,Life expectancy,Total,,Years,79.9
Argentina,2022,Female,Life expectancy,Total,,Years,78.3
Argentina,2021,Female,Life expectancy,Total,,Years,76.9
Argentina,2020,Female,Life expectancy,Total,,Years,78.8
Argentina,2024,Total,Life expectancy,Total,,Years,77.5
Argentina,2023,Total,Life expectancy,Total,,Years,77.4
Argentina,2022,Total,Life expectancy,Total,,Years,75.8
Argentina,2021,Total,Life expectancy,Total,,Years,73.9
Argentina,2020,Total,Life expectancy,Total,,Years,75.9
Argentina,2019,Total,Life expectancy,Total,,Years,76.8
Argentina,2018,Total,Life expectancy,Total,,Years,76.8
Argentina,2017,Total,Life expectancy,Total,,Years,76.5
Argentina,2016,Total,Life expectancy,Total,,Years,76.1
Argentina,2015,Total,Life expectancy,Total,,Years,76.6
Brazil,2022,Male,Life expectancy,Total,,Years,71.7
Brazil,2021,Male,Life expectancy,Total,,Years,69.8
Brazil,2018,Female,Life expectancy,Total,,Years,79
Brazil,2017,Female,Life expectancy,Total,,Years,78.8
Brazil,2016,Female,Life expectancy,Total,,Years,78.5
Brazil,2015,Female,Life expectancy,Total,,Years,78.5
Brazil,2020,Male,Life expectancy,Total,,Years,71.5
Brazil,2019,Male,Life expectancy,Total,,Years,72.7
Brazil,2018,Male,Life expectancy,Total,,Years,72.4
Brazil,2017,Male,Life expectancy,Total,,Years,72.1
Brazil,2016,Male,Life expectancy,Total,,Years,71.7
Brazil,2015,Male,Life expectancy,Total,,Years,71.8
Brazil,2024,Female,Life expectancy,Total,,Years,79.1
Brazil,2023,Female,Life expectancy,Total,,Years,79
Brazil,2022,Female,Life expectancy,Total,,Years,78.1
Brazil,2021,Female,Life expectancy,Total,,Years,76.4
Brazil,2020,Female,Life expectancy,Total,,Years,77.6
Brazil,2019,Female,Life expectancy,Total,,Years,79
Brazil,2024,Total,Life expectancy,Total,,Years,76
Brazil,2023,Total,Life expectancy,Total,,Years,75.8
Brazil,2022,Total,Life expectancy,Total,,Years,74.9
Brazil,2021,Total,Life expectancy,Total,,Years,73
Brazil,2020,Total,Life expectancy,Total,,Years,74.5
Brazil,2019,Total,Life expectancy,Total,,Years,75.8
Brazil,2018,Total,Life expectancy,Total,,Years,75.6
Brazil,2017,Total,Life expectancy,Total,,Years,75.4
Brazil,2016,Total,Life expectancy,Total,,Years,75.1
Brazil,2015,Total,Life expectancy,Total,,Years,75.1
Brazil,2024,Male,Life expectancy,Total,,Years,73
Bulgaria,2022,Male,Life expectancy,Total,,Years,70.5
Bulgaria,2021,Male,Life expectancy,Total,,Years,67.7
Bulgaria,2018,Female,Life expectancy,Total,,Years,78.3
Bulgaria,2017,Female,Life expectancy,Total,,Years,78.2
Bulgaria,2016,Female,Life expectancy,Total,,Years,78.4
Bulgaria,2015,Female,Life expectancy,Total,,Years,78
Bulgaria,2020,Male,Life expectancy,Total,,Years,69.6
Bulgaria,2019,Male,Life expectancy,Total,,Years,71.2
Bulgaria,2018,Male,Life expectancy,Total,,Years,71.2
Bulgaria,2017,Male,Life expectancy,Total,,Years,71.1
Bulgaria,2016,Male,Life expectancy,Total,,Years,71.1
Bulgaria,2015,Male,Life expectancy,Total,,Years,71.1
Bulgaria,2024,Female,Life expectancy,Total,,Years,79.5
Bulgaria,2023,Female,Life expectancy,Total,,Years,79.5
Bulgaria,2022,Female,Life expectancy,Total,,Years,77.9
Bulgaria,2021,Female,Life expectancy,Total,,Years,75
Bulgaria,2020,Female,Life expectancy,Total,,Years,77.3
Bulgaria,2019,Female,Life expectancy,Total,,Years,78.5
Bulgaria,2024,Total,Life expectancy,Total,,Years,75.8
Bulgaria,2023,Total,Life expectancy,Total,,Years,75.7
Bulgaria,2022,Total,Life expectancy,Total,,Years,74.1
Bulgaria,2021,Total,Life expectancy,Total,,Years,71.2
Bulgaria,2020,Total,Life expectancy,Total,,Years,73.3
Bulgaria,2019,Total,Life expectancy,Total,,Years,74.8
Bulgaria,2018,Total,Life expectancy,Total,,Years,74.7
Bulgaria,2017,Total,Life expectancy,Total,,Years,74.6
Bulgaria,2016,Total,Life expectancy,Total,,Years,74.7
Bulgaria,2015,Total,Life expectancy,Total,,Years,74.5
Bulgaria,2024,Male,Life expectancy,Total,,Years,72.2
China (People’s Republic of),2022,Male,Life expectancy,Total,,Years,75.5
China (People’s Republic of),2021,Male,Life expectancy,Total,,Years,75.5
China (People’s Republic of),2018,Female,Life expectancy,Total,,Years,80.6
China (People’s Republic of),2017,Female,Life expectancy,Total,,Years,80.3
China (People’s Republic of),2016,Female,Life expectancy,Total,,Years,80.1
China (People’s Republic of),2015,Female,Life expectancy,Total,,Years,79.8
China (People’s Republic of),2020,Male,Life expectancy,Total,,Years,75.2
China (People’s Republic of),2019,Male,Life expectancy,Total,,Years,75.3
China (People’s Republic of),2018,Male,Life expectancy,Total,,Years,75
China (People’s Republic of),2017,Male,Life expectancy,Total,,Years,74.4
China (People’s Republic of),2016,Male,Life expectancy,Total,,Years,74.6
China (People’s Republic of),2015,Male,Life expectancy,Total,,Years,74.4
China (People’s Republic of),2024,Female,Life expectancy,Total,,Years,81
China (People’s Republic of),2023,Female,Life expectancy,Total,,Years,80.9
China (People’s Republic of),2022,Female,Life expectancy,Total,,Years,81.1
China (People’s Republic of),2021,Female,Life expectancy,Total,,Years,80.9
China (People’s Republic of),2020,Female,Life expectancy,Total,,Years,81
China (People’s Republic of),2019,Female,Life expectancy,Total,,Years,80.7
China (People’s Republic of),2024,Total,Life expectancy,Total,,Years,78
China (People’s Republic of),2023,Total,Life expectancy,Total,,Years,78
China (People’s Republic of),2022,Total,Life expectancy,Total,,Years,78.2
China (People’s Republic of),2021,Total,Life expectancy,Total,,Years,78.1
China (People’s Republic of),2020,Total,Life expectancy,Total,,Years,78
China (People’s Republic of),2019,Total,Life expectancy,Total,,Years,77.9
China (People’s Republic of),2018,Total,Life expectancy,Total,,Years,77.7
China (People’s Republic of),2017,Total,Life expectancy,Total,,Years,77.2
China (People’s Republic of),2016,Total,Life expectancy,Total,,Years,77.2
China (People’s Republic of),2015,Total,Life expectancy,Total,,Years,77
China (People’s Republic of),2024,Male,Life expectancy,Total,,Years,75.2
Croatia,2022,Male,Life expectancy,Total,,Years,74.6
Croatia,2021,Male,Life expectancy,Total,,Years,73.5
Croatia,2018,Female,Life expectancy,Total,,Years,81.2
Croatia,2017,Female,Life expectancy,Total,,Years,80.8
Croatia,2016,Female,Life expectancy,Total,,Years,81.1
Croatia,2015,Female,Life expectancy,Total,,Years,80.4
Croatia,2020,Male,Life expectancy,Total,,Years,74.5
Croatia,2019,Male,Life expectancy,Total,,Years,75.2
Croatia,2018,Male,Life expectancy,Total,,Years,74.7
Croatia,2017,Male,Life expectancy,Total,,Years,74.8
Croatia,2016,Male,Life expectancy,Total,,Years,74.8
Croatia,2015,Male,Life expectancy,Total,,Years,74.3
Croatia,2024,Female,Life expectancy,Total,,Years,81.8
Croatia,2023,Female,Life expectancy,Total,,Years,81.7
Croatia,2022,Female,Life expectancy,Total,,Years,80.8
Croatia,2021,Female,Life expectancy,Total,,Years,79.7
Croatia,2020,Female,Life expectancy,Total,,Years,80.7
Croatia,2019,Female,Life expectancy,Total,,Years,81.3
Croatia,2024,Total,Life expectancy,Total,,Years,78.9
Croatia,2023,Total,Life expectancy,Total,,Years,78.5
Croatia,2022,Total,Life expectancy,Total,,Years,77.7
Croatia,2021,Total,Life expectancy,Total,,Years,76.6
Croatia,2020,Total,Life expectancy,Total,,Years,77.6
Croatia,2019,Total,Life expectancy,Total,,Years,78.3
Croatia,2018,Total,Life expectancy,Total,,Years,78
Croatia,2017,Total,Life expectancy,Total,,Years,77.8
Croatia,2016,Total,Life expectancy,Total,,Years,78
Croatia,2015,Total,Life expectancy,Total,,Years,77.4
Croatia,2024,Male,Life expectancy,Total,,Years,76
India,2022,Male,Life expectancy,Total,,Years,70.2
India,2021,Male,Life expectancy,Total,,Years,65.9
India,2018,Female,Life expectancy,Total,,Years,72
India,2017,Female,Life expectancy,Total,,Years,71.6
India,2016,Female,Life expectancy,Total,,Years,71.3
India,2015,Female,Life expectancy,Total,,Years,70.9
India,2020,Male,Life expectancy,Total,,Years,68.5
India,2019,Male,Life expectancy,Total,,Years,69.3
India,2018,Male,Life expectancy,Total,,Years,69
India,2017,Male,Life expectancy,Total,,Years,68.6
India,2016,Male,Life expectancy,Total,,Years,68.2
India,2015,Male,Life expectancy,Total,,Years,67.8
India,2024,Female,Life expectancy,Total,,Years,73.9
India,2023,Female,Life expectancy,Total,,Years,73.6
India,2022,Female,Life expectancy,Total,,Years,73.3
India,2021,Female,Life expectancy,Total,,Years,68.8
India,2020,Female,Life expectancy,Total,,Years,71.9
India,2019,Female,Life expectancy,Total,,Years,72.3
India,2024,Total,Life expectancy,Total,,Years,72.2
India,2023,Total,Life expectancy,Total,,Years,72
India,2022,Total,Life expectancy,Total,,Years,71.7
India,2021,Total,Life expectancy,Total,,Years,67.3
India,2020,Total,Life expectancy,Total,,Years,70.2
India,2019,Total,Life expectancy,Total,,Years,70.7
India,2018,Total,Life expectancy,Total,,Years,70.4
India,2017,Total,Life expectancy,Total,,Years,70.1
India,2016,Total,Life expectancy,Total,,Years,69.7
India,2015,Total,Life expectancy,Total,,Years,69.3
India,2024,Male,Life expectancy,Total,,Years,70.7
Indonesia,2022,Male,Life expectancy,Total,,Years,68.9
Indonesia,2021,Male,Life expectancy,Total,,Years,65.5
Indonesia,2018,Female,Life expectancy,Total,,Years,72.1
Indonesia,2017,Female,Life expectancy,Total,,Years,71.9
Indonesia,2016,Female,Life expectancy,Total,,Years,71.7
Indonesia,2015,Female,Life expectancy,Total,,Years,71.5
Indonesia,2020,Male,Life expectancy,Total,,Years,66.6
Indonesia,2019,Male,Life expectancy,Total,,Years,68.3
Indonesia,2018,Male,Life expectancy,Total,,Years,68.1
Indonesia,2017,Male,Life expectancy,Total,,Years,68
Indonesia,2016,Male,Life expectancy,Total,,Years,67.8
Indonesia,2015,Male,Life expectancy,Total,,Years,67.6
Indonesia,2024,Female,Life expectancy,Total,,Years,73.4
Indonesia,2023,Female,Life expectancy,Total,,Years,73.3
Indonesia,2022,Female,Life expectancy,Total,,Years,73
Indonesia,2021,Female,Life expectancy,Total,,Years,69.4
Indonesia,2020,Female,Life expectancy,Total,,Years,71.1
Indonesia,2019,Female,Life expectancy,Total,,Years,72.4
Indonesia,2024,Total,Life expectancy,Total,,Years,71.3
Indonesia,2023,Total,Life expectancy,Total,,Years,71.1
Indonesia,2022,Total,Life expectancy,Total,,Years,70.9
Indonesia,2021,Total,Life expectancy,Total,,Years,67.5
Indonesia,2020,Total,Life expectancy,Total,,Years,68.8
Indonesia,2019,Total,Life expectancy,Total,,Years,70.3
Indonesia,2018,Total,Life expectancy,Total,,Years,70.1
Indonesia,2017,Total,Life expectancy,Total,,Years,70
Indonesia,2016,Total,Life expectancy,Total,,Years,69.7
Indonesia,2015,Total,Life expectancy,Total,,Years,69.5
Indonesia,2024,Male,Life expectancy,Total,,Years,69.2
Peru,2022,Male,Life expectancy,Total,,Years,74.4
Peru,2021,Male,Life expectancy,Total,,Years,74.3
Peru,2018,Female,Life expectancy,Total,,Years,79.3
Peru,2017,Female,Life expectancy,Total,,Years,79.1
Peru,2016,Female,Life expectancy,Total,,Years,78.8
Peru,2015,Female,Life expectancy,Total,,Years,78.5
Peru,2020,Male,Life expectancy,Total,,Years,74.1
Peru,2019,Male,Life expectancy,Total,,Years,74
Peru,2018,Male,Life expectancy,Total,,Years,73.8
Peru,2017,Male,Life expectancy,Total,,Years,73.6
Peru,2016,Male,Life expectancy,Total,,Years,73.4
Peru,2015,Male,Life expectancy,Total,,Years,73.2
Peru,2024,Female,Life expectancy,Total,,Years,80
Peru,2023,Female,Life expectancy,Total,,Years,79.8
Peru,2022,Female,Life expectancy,Total,,Years,79.7
Peru,2021,Female,Life expectancy,Total,,Years,79.6
Peru,2020,Female,Life expectancy,Total,,Years,79.5
Peru,2019,Female,Life expectancy,Total,,Years,79.4
Peru,2024,Total,Life expectancy,Total,,Years,77.4
Peru,2023,Total,Life expectancy,Total,,Years,77.2
Peru,2022,Total,Life expectancy,Total,,Years,77.1
Peru,2021,Total,Life expectancy,Total,,Years,77
Peru,2020,Total,Life expectancy,Total,,Years,76.9
Peru,2019,Total,Life expectancy,Total,,Years,76.7
Peru,2018,Total,Life expectancy,Total,,Years,76.6
Peru,2017,Total,Life expectancy,Total,,Years,76.4
Peru,2016,Total,Life expectancy,Total,,Years,76.1
Peru,2015,Total,Life expectancy,Total,,Years,75.9
Peru,2024,Male,Life expectancy,Total,,Years,74.7
Romania,2022,Male,Life expectancy,Total,,Years,71.3
Romania,2021,Male,Life expectancy,Total,,Years,69.2
Romania,2018,Female,Life expectancy,Total,,Years,79.1
Romania,2017,Female,Life expectancy,Total,,Years,78.9
Romania,2016,Female,Life expectancy,Total,,Years,78.9
Romania,2015,Female,Life expectancy,Total,,Years,78.5
Romania,2020,Male,Life expectancy,Total,,Years,70.3
Romania,2019,Male,Life expectancy,Total,,Years,71.9
Romania,2018,Male,Life expectancy,Total,,Years,71.6
Romania,2017,Male,Life expectancy,Total,,Years,71.6
Romania,2016,Male,Life expectancy,Total,,Years,71.6
Romania,2015,Male,Life expectancy,Total,,Years,71.3
Romania,2024,Female,Life expectancy,Total,,Years,80.3
Romania,2023,Female,Life expectancy,Total,,Years,80.2
Romania,2022,Female,Life expectancy,Total,,Years,79.1
Romania,2021,Female,Life expectancy,Total,,Years,76.6
Romania,2020,Female,Life expectancy,Total,,Years,78.2
Romania,2019,Female,Life expectancy,Total,,Years,79.4
Romania,2024,Total,Life expectancy,Total,,Years,76.5
Romania,2023,Total,Life expectancy,Total,,Years,76.3
Romania,2022,Total,Life expectancy,Total,,Years,75.1
Romania,2021,Total,Life expectancy,Total,,Years,72.8
Romania,2020,Total,Life expectancy,Total,,Years,74.1
Romania,2019,Total,Life expectancy,Total,,Years,75.6
Romania,2018,Total,Life expectancy,Total,,Years,75.3
Romania,2017,Total,Life expectancy,Total,,Years,75.2
Romania,2016,Total,Life expectancy,Total,,Years,75.2
Romania,2015,Total,Life expectancy,Total,,Years,74.9
Romania,2024,Male,Life expectancy,Total,,Years,72.8
Russia,2020,Female,Life expectancy,Total,,Years,76.4
Russia,2020,Male,Life expectancy,Total,,Years,66.5
Russia,2016,Total,Life expectancy,Total,,Years,71.7
Russia,2015,Total,Life expectancy,Total,,Years,71.2
Russia,2015,Male,Life expectancy,Total,,Years,65.9
Russia,2015,Female,Life expectancy,Total,,Years,76.7
Russia,2020,Total,Life expectancy,Total,,Years,71.3
Russia,2019,Total,Life expectancy,Total,,Years,73.1
Russia,2019,Male,Life expectancy,Total,,Years,68.2
Russia,2019,Female,Life expectancy,Total,,Years,78.2
Russia,2018,Female,Life expectancy,Total,,Years,77.8
Russia,2018,Male,Life expectancy,Total,,Years,67.8
Russia,2018,Total,Life expectancy,Total,,Years,72.7
Russia,2017,Total,Life expectancy,Total,,Years,72.5
Russia,2017,Male,Life expectancy,Total,,Years,67.5
Russia,2017,Female,Life expectancy,Total,,Years,77.6
Russia,2016,Female,Life expectancy,Total,,Years,77.1
Russia,2016,Male,Life expectancy,Total,,Years,66.5
Russia,2023,Total,Life expectancy,Total,,Years,73.3
Russia,2023,Male,Life expectancy,Total,,Years,68
Russia,2023,Female,Life expectancy,Total,,Years,78.7
Russia,2022,Female,Life expectancy,Total,,Years,77.8
Russia,2022,Male,Life expectancy,Total,,Years,67.6
Russia,2022,Total,Life expectancy,Total,,Years,72.5
Russia,2021,Total,Life expectancy,Total,,Years,69.9
Russia,2021,Male,Life expectancy,Total,,Years,65.5
South Africa,2022,Female,Life expectancy,Total,,Years,69
South Africa,2021,Female,Life expectancy,Total,,Years,64.8
South Africa,2018,Male,Life expectancy,Total,,Years,62.3
South Africa,2017,Male,Life expectancy,Total,,Years,62
South Africa,2016,Male,Life expectancy,Total,,Years,61.3
South Africa,2015,Male,Life expectancy,Total,,Years,60.8
South Africa,2020,Female,Life expectancy,Total,,Years,67.9
South Africa,2019,Female,Life expectancy,Total,,Years,69.2
South Africa,2018,Female,Life expectancy,Total,,Years,68.9
South Africa,2017,Female,Life expectancy,Total,,Years,68.6
South Africa,2016,Female,Life expectancy,Total,,Years,67.9
South Africa,2015,Female,Life expectancy,Total,,Years,67
South Africa,2024,Male,Life expectancy,Total,,Years,62.8
South Africa,2023,Male,Life expectancy,Total,,Years,62.6
South Africa,2022,Male,Life expectancy,Total,,Years,61.8
South Africa,2021,Male,Life expectancy,Total,,Years,59.2
South Africa,2020,Male,Life expectancy,Total,,Years,62.2
South Africa,2019,Male,Life expectancy,Total,,Years,62.7
South Africa,2024,Total,Life expectancy,Total,,Years,66.3
South Africa,2023,Total,Life expectancy,Total,,Years,66.1
South Africa,2022,Total,Life expectancy,Total,,Years,65.5
South Africa,2021,Total,Life expectancy,Total,,Years,62
South Africa,2020,Total,Life expectancy,Total,,Years,65.2
South Africa,2019,Total,Life expectancy,Total,,Years,66.1
South Africa,2018,Total,Life expectancy,Total,,Years,65.7
South Africa,2017,Total,Life expectancy,Total,,Years,65.4
South Africa,2016,Total,Life expectancy,Total,,Years,64.7
South Africa,2015,Total,Life expectancy,Total,,Years,64.1
South Africa,2024,Female,Life expectancy,Total,,Years,69.8
Thailand,2022,Female,Life expectancy,Total,,Years,79.8
Thailand,2021,Female,Life expectancy,Total,,Years,82.1
Thailand,2018,Total,Life expectancy,Total,,Years,77.2
Thailand,2017,Total,Life expectancy,Total,,Years,77
Thailand,2016,Total,Life expectancy,Total,,Years,76.8
Thailand,2015,Total,Life expectancy,Total,,Years,76.6
Thailand,2020,Female,Life expectancy,Total,,Years,81.9
Thailand,2019,Female,Life expectancy,Total,,Years,81.8
Thailand,2018,Female,Life expectancy,Total,,Years,81.6
Thailand,2017,Female,Life expectancy,Total,,Years,81.4
Thailand,2016,Female,Life expectancy,Total,,Years,81.1
Thailand,2015,Female,Life expectancy,Total,,Years,80.9
Thailand,2024,Total,Life expectancy,Total,,Years,76.6
Thailand,2023,Total,Life expectancy,Total,,Years,76.4
Thailand,2022,Total,Life expectancy,Total,,Years,75.3
Thailand,2021,Total,Life expectancy,Total,,Years,77.6
Thailand,2020,Total,Life expectancy,Total,,Years,77.3
Thailand,2019,Total,Life expectancy,Total,,Years,77.2
Thailand,2024,Male,Life expectancy,Total,,Years,72.3
Thailand,2023,Male,Life expectancy,Total,,Years,72.2
Thailand,2022,Male,Life expectancy,Total,,Years,71
Thailand,2021,Male,Life expectancy,Total,,Years,73.3
Thailand,2020,Male,Life expectancy,Total,,Years,73
Thailand,2019,Male,Life expectancy,Total,,Years,72.8
Thailand,2018,Male,Life expectancy,Total,,Years,73
Thailand,2017,Male,Life expectancy,Total,,Years,72.8
Thailand,2016,Male,Life expectancy,Total,,Years,72.6
Thailand,2015,Male,Life expectancy,Total,,Years,72.5
Thailand,2024,Female,Life expectancy,Total,,Years,81
Ukraine,2022,Male,Life expectancy,Total,,Years,66.2
Ukraine,2021,Male,Life expectancy,Total,,Years,67.1
Ukraine,2018,Female,Life expectancy,Total,,Years,78.3
Ukraine,2017,Female,Life expectancy,Total,,Years,78.6
Ukraine,2016,Female,Life expectancy,Total,,Years,78
Ukraine,2015,Female,Life expectancy,Total,,Years,77.5
Ukraine,2020,Male,Life expectancy,Total,,Years,68.3
Ukraine,2019,Male,Life expectancy,Total,,Years,68.9
Ukraine,2018,Male,Life expectancy,Total,,Years,68.6
Ukraine,2017,Male,Life expectancy,Total,,Years,69.1
Ukraine,2016,Male,Life expectancy,Total,,Years,68.5
Ukraine,2015,Male,Life expectancy,Total,,Years,67.7
Ukraine,2024,Female,Life expectancy,Total,,Years,79.4
Ukraine,2023,Female,Life expectancy,Total,,Years,80.2
Ukraine,2022,Female,Life expectancy,Total,,Years,79.4
Ukraine,2021,Female,Life expectancy,Total,,Years,76
Ukraine,2020,Female,Life expectancy,Total,,Years,78
Ukraine,2019,Female,Life expectancy,Total,,Years,78.7
Ukraine,2024,Total,Life expectancy,Total,,Years,74.7
Ukraine,2023,Total,Life expectancy,Total,,Years,73.4
Ukraine,2022,Total,Life expectancy,Total,,Years,72.7
Ukraine,2021,Total,Life expectancy,Total,,Years,71.6
Ukraine,2020,Total,Life expectancy,Total,,Years,73.3
Ukraine,2019,Total,Life expectancy,Total,,Years,73.9
Ukraine,2018,Total,Life expectancy,Total,,Years,73.6
Ukraine,2017,Total,Life expectancy,Total,,Years,74
Ukraine,2016,Total,Life expectancy,Total,,Years,73.4
Ukraine,2015,Total,Life expectancy,Total,,Years,72.7
Ukraine,2024,Male,Life expectancy,Total,,Years,69.8
Australia,2024,Male,Life expectancy,Total,,Years,81.1
Austria,2024,Male,Life expectancy,Total,,Years,79.8
Belgium,2024,Male,Life expectancy,Total,,Years,80.3
Canada,2024,Male,Life expectancy,Total,,Years,80
Chile,2024,Male,Life expectancy,Total,,Years,78.9
Colombia,2024,Male,Life expectancy,Total,,Years,73.9
Costa Rica,2024,Male,Life expectancy,Total,,Years,78.4
Czechia,2024,Male,Life expectancy,Total,,Years,77.1
Denmark,2024,Male,Life expectancy,Total,,Years,80.2
Estonia,2024,Male,Life expectancy,Total,,Years,75.1
Finland,2024,Male,Life expectancy,Total,,Years,79.6
France,2024,Male,Life expectancy,Total,,Years,80.2
Germany,2024,Male,Life expectancy,Total,,Years,78.9
Greece,2024,Male,Life expectancy,Total,,Years,79.4
Hungary,2024,Male,Life expectancy,Total,,Years,73.7
Iceland,2024,Male,Life expectancy,Total,,Years,81.1
Ireland,2024,Male,Life expectancy,Total,,Years,81.4
Israel,2016,Total,Life expectancy,Total,,Years,82.5
Italy,2024,Male,Life expectancy,Total,,Years,81.6
Japan,2024,Male,Life expectancy,Total,,Years,81.1
Korea,2024,Male,Life expectancy,Total,,Years,80.8
Latvia,2024,Male,Life expectancy,Total,,Years,71.4
Lithuania,2024,Male,Life expectancy,Total,,Years,73
Luxembourg,2024,Male,Life expectancy,Total,,Years,81
Mexico,2024,Male,Life expectancy,Total,,Years,72.4
Netherlands,2024,Male,Life expectancy,Total,,Years,80.5
New Zealand,2024,Male,Life expectancy,Total,,Years,80.4
Norway,2024,Male,Life expectancy,Total,,Years,81.6
Poland,2024,Male,Life expectancy,Total,,Years,74.8
Portugal,2024,Male,Life expectancy,Total,,Years,79.7
Slovak Republic,2024,Male,Life expectancy,Total,,Years,75.2
Slovenia,2021,Total,Life expectancy,Total,,Years,80.6
Spain,2021,Total,Life expectancy,Total,,Years,83
Sweden,2024,Total,Life expectancy,Total,,Years,83.8
Switzerland,2022,Total,Life expectancy,Total,,Years,83.5
Türkiye,2016,Total,Life expectancy,Total,,Years,78
United Kingdom,2024,Male,Life expectancy,Total,,Years,79.4
United States,2024,Male,Life expectancy,Total,,Years,76.5
Argentina,2024,Male,Life expectancy,Total,,Years,75
Brazil,2023,Male,Life expectancy,Total,,Years,72.8
Bulgaria,2023,Male,Life expectancy,Total,,Years,71.9
China (People’s Republic of),2023,Male,Life expectancy,Total,,Years,75.2
Croatia,2023,Male,Life expectancy,Total,,Years,75.4
India,2023,Male,Life expectancy,Total,,Years,70.5
Indonesia,2023,Male,Life expectancy,Total,,Years,69
Peru,2023,Male,Life expectancy,Total,,Years,74.6
Romania,2023,Male,Life expectancy,Total,,Years,72.6
Russia,2021,Female,Life expectancy,Total,,Years,74.5
South Africa,2023,Female,Life expectancy,Total,,Years,69.6
Thailand,2023,Female,Life expectancy,Total,,Years,80.9
Ukraine,2023,Male,Life expectancy,Total,,Years,66.9
